source_center,destination_center,osrm_distance,osrm_time,segment_osrm_time,segment_osrm_distance,trip_hour,route_type,trip_dayofweek,source_pagerank,source_degree,source_bottleneck_score,source_community,destination_pagerank,destination_degree,destination_bottleneck_score,destination_community,trip_hour_sin,trip_hour_cos,is_weekend,route_type_Carting,route_type_FTL,segment_time_share,segment_distance_share,segment_osrm_to_trip_osrm_time,graph_pagerank_product,graph_bottleneck_sum,graph_pagerank_gap,same_community,predicted_eta,route_lane,eta_vs_osrm_ratio,confidence_low,confidence_high,bottleneck_warning,risk_level,route_insights,prediction_error,actual_time
IND641062AAD,IND643217AAA,23.66,36.0,36.0,23.66,20,Carting,6,0.0031953077854853405,0.009057971014492754,0.006636097668541243,103,0.00091996520440833,0.0018115942028985505,0.00048693815912428956,103,-0.8660254037844386,0.5000000000000001,1,1.0,0.0,1.0,1.0,1.0,2.9395719800215496e-06,0.007123035827665532,0.0022753425810770104,1.0,52.5791,IND641062AAD → IND643217AAA,1.4605305989583333,-90.58458,195.74278,False,LOW,Within normal network operating envelope.,2.5791015625,50.0
IND600032AAB,IND600076AAB,11.5745,11.0,11.0,11.5745,13,Carting,1,0.0015580129385992202,0.004227053140096618,0.006859420211869845,12,0.0007013783685626948,0.0024154589371980675,0.0019169162651386405,12,-0.2588190451025208,-0.9659258262890683,0,1.0,0.0,1.0,1.0,1.0,1.092756573074291e-06,0.008776336477008486,0.0008566345700365254,1.0,25.1472,IND600032AAB → IND600076AAB,2.286109057339755,-118.01648,168.31088,False,MEDIUM,Predicted ETA materially above OSRM baseline.,4.852800369262695,30.0
IND421302AAG,IND400701AAB,23.2194,20.0,20.0,23.2194,1,Carting,3,0.015275979067222901,0.03502415458937198,0.2748907769477942,8,0.0001881038286437993,0.0018115942028985505,0.0010105482484698267,8,0.25881904510252074,0.9659258262890683,0,1.0,0.0,1.0,1.0,1.0,2.8734701488271614e-06,0.275901325196264,0.015087875238579102,1.0,49.223965,IND421302AAG → IND400701AAB,2.4611982345581054,-93.93971,192.38765,False,MEDIUM,Predicted ETA materially above OSRM baseline.,2.2239646911621094,47.0
IND842001AAA,IND843105AAB,22.724400000000003,16.0,16.0,22.724400000000003,0,FTL,0,0.005042988297661629,0.016304347826086956,0.06098128080301983,24,0.0002454760471149128,0.0012077294685990338,0.0019114829147643436,24,0.0,1.0,0,0.0,1.0,1.0,1.0,1.0,1.2379328329567397e-06,0.06289276371778417,0.004797512250546716,1.0,40.97569,IND842001AAA → IND843105AAB,2.5609805583953857,-102.18799,184.13937,False,MEDIUM,Predicted ETA materially above OSRM baseline.,2.975688934326172,38.0
IND560048AAB,IND562132AAA,12.2332,18.0,18.0,12.2332,7,Carting,4,0.0006058943781553494,0.003623188405797101,0.004479268549764292,26,0.027325678537934182,0.0428743961352657,0.5073641311852639,12,0.9659258262890683,-0.25881904510252063,0,1.0,0.0,1.0,1.0,1.0,1.655647500541461e-05,0.5118433997350282,0.026719784159778832,0.0,39.288635,IND560048AAB → IND562132AAA,2.1827019585503473,-103.875046,182.45232,True,HIGH,Touches high-bottleneck hub; expect elevated dwell risk. Predicted ETA materially above OSRM baseline.,9.28863525390625,30.0
IND401501AAA,IND401602AAA,16.2374,15.0,15.0,16.2374,4,Carting,1,0.0007489516005311115,0.0012077294685990338,0.0008021877848678005,62,0.0007489516005311114,0.0012077294685990338,0.0008021877848678005,62,0.8660254037844386,0.5000000000000001,0,1.0,0.0,1.0,1.0,1.0,5.609284999381135e-07,0.001604375569735601,1.0842021724855044e-19,1.0,45.624916,IND401501AAA → IND401602AAA,3.0416610717773436,-97.538765,188.7886,False,MEDIUM,Predicted ETA materially above OSRM baseline.,19.624916076660156,26.0
IND473226AAA,IND473001AAA,26.564,31.0,31.0,26.564,8,FTL,5,0.0003239023864236283,0.0018115942028985505,0.002803788847929673,12,0.00015952512089326013,0.0012077294685990338,0.0004069102474111814,12,0.8660254037844387,-0.4999999999999998,1,0.0,1.0,1.0,1.0,1.0,5.167056735184476e-08,0.003210699095340854,0.00016437726553036815,1.0,49.206833,IND473226AAA → IND473001AAA,1.5873171898626512,-93.95685,192.37051,False,LOW,Predicted ETA materially above OSRM baseline.,9.206832885742188,40.0
IND160002AAC,IND140901AAA,12.4563,13.0,13.0,12.4563,0,Carting,3,0.010090396139992705,0.03683574879227053,0.1435142409406581,7,0.0005797816390067948,0.0024154589371980675,0.0033369136902211423,7,0.0,1.0,0,1.0,0.0,1.0,1.0,1.0,5.850226412272806e-06,0.14685115463087925,0.00951061450098591,1.0,19.82158,IND160002AAC → IND140901AAA,1.5247369912954478,-123.3421,162.98526,False,LOW,Predicted ETA materially above OSRM baseline.,1.8215808868408203,18.0
IND560099AAB,IND560300AAA,12.4411,12.0,12.0,12.4411,17,Carting,4,0.004258545528897098,0.01751207729468599,0.06018801302888092,26,0.0028401323663667655,0.00966183574879227,0.03611691289748769,26,-0.9659258262890683,-0.25881904510252063,0,1.0,0.0,1.0,1.0,1.0,1.2094832990267124e-05,0.0963049259263686,0.0014184131625303324,1.0,16.131916,IND560099AAB → IND560300AAA,1.344326337178548,-127.03177,159.2956,False,LOW,Within normal network operating envelope.,3.868083953857422,20.0
IND401104AAA,IND401208AAA,13.8051,11.0,11.0,13.8051,22,Carting,3,0.0007829213155898844,0.004830917874396135,0.008316263722685685,8,0.00041840070419490365,0.0006038647342995169,0.000750097668967294,8,-0.5000000000000004,0.8660254037844384,0,1.0,0.0,1.0,1.0,1.0,3.27574829772008e-07,0.00906636139165298,0.00036452061139498077,1.0,28.155745,IND401104AAA → IND401208AAA,2.5596131411465732,-115.007935,171.31943,False,MEDIUM,Predicted ETA materially above OSRM baseline.,11.155744552612305,17.0
IND560048AAB,IND562132AAA,11.7748,15.0,15.0,11.7748,17,Carting,4,0.0006058943781553494,0.003623188405797101,0.004479268549764292,26,0.027325678537934182,0.0428743961352657,0.5073641311852639,12,-0.9659258262890683,-0.25881904510252063,0,1.0,0.0,1.0,1.0,1.0,1.655647500541461e-05,0.5118433997350282,0.026719784159778832,0.0,23.931389,IND560048AAB → IND562132AAA,1.5954259236653645,-119.23229,167.09506,True,MEDIUM,Touches high-bottleneck hub; expect elevated dwell risk. Predicted ETA materially above OSRM baseline.,3.9313888549804688,20.0
IND410206AAB,IND000000AFT,16.2673,14.0,14.0,16.2673,23,Carting,1,0.00012352790326446573,0.0012077294685990338,0.0007188435994269901,8,0.0009618180515248028,0.00785024154589372,0.013014081192968758,8,-0.25881904510252157,0.9659258262890681,0,1.0,0.0,1.0,1.0,1.0,1.1881136722677275e-07,0.013732924792395747,0.0008382901482603371,1.0,42.90757,IND410206AAB → IND000000AFT,3.064826420375279,-100.25611,186.07126,False,MEDIUM,Predicted ETA materially above OSRM baseline.,8.907569885253906,34.0
IND131028AAB,IND000000ACB,24.3353,23.0,23.0,24.3353,15,Carting,3,0.007439379868651916,0.024154589371980676,0.12459804015308967,12,0.043583693639714496,0.056763285024154585,0.9999999983354557,12,-0.7071067811865471,-0.7071067811865479,0,1.0,0.0,1.0,1.0,1.0,0.00032423565306478457,1.1245980384885454,0.03614431377106258,1.0,37.577747,IND131028AAB → IND000000ACB,1.633815101955248,-105.58594,180.74142,True,CRITICAL,Touches high-bottleneck hub; expect elevated dwell risk. Predicted ETA materially above OSRM baseline.,12.577747344970703,25.0
IND211002AAB,IND211013AAA,13.0164,9.0,9.0,13.0164,3,Carting,3,0.00284204930035725,0.006038647342995169,0.02071750533891423,10,0.0002485648212463837,0.0006038647342995169,0.00013543430134131698,10,0.7071067811865476,0.7071067811865476,0,1.0,0.0,1.0,1.0,1.0,7.064334763167098e-07,0.020852939640255547,0.0025934844791108665,1.0,51.951633,IND211002AAB → IND211013AAA,5.772403717041016,-91.21205,195.11531,False,MEDIUM,Predicted ETA materially above OSRM baseline.,14.04836654663086,66.0
IND562132AAA,IND560099AAB,13.0821,16.0,16.0,13.0821,11,Carting,2,0.027325678537934182,0.0428743961352657,0.5073641311852639,12,0.004258545528897098,0.01751207729468599,0.06018801302888092,26,0.258819045102521,-0.9659258262890682,0,1.0,0.0,1.0,1.0,1.0,0.000116367646161799,0.5675521442141448,0.023067133009037084,0.0,29.332338,IND562132AAA → IND560099AAB,1.8332711458206177,-113.831345,172.49602,True,HIGH,Touches high-bottleneck hub; expect elevated dwell risk. Predicted ETA materially above OSRM baseline.,20.667661666870117,50.0
IND571432AAB,IND571426AAA,30.6803,28.0,28.0,30.6803,21,FTL,1,0.00034729918542807483,0.0012077294685990338,0.003957902343135347,65,0.0004276962893424855,0.0018115942028985505,0.004193872815954293,65,-0.7071067811865477,0.7071067811865474,0,0.0,1.0,1.0,1.0,1.0,1.4853857289925543e-07,0.00815177515908964,8.039710391441067e-05,1.0,44.657887,IND571432AAB → IND571426AAA,1.5949245180402483,-98.5058,187.82156,False,LOW,Predicted ETA materially above OSRM baseline.,10.657886505126953,34.0
IND560099AAB,IND560300AAA,11.1183,11.0,11.0,11.1183,14,Carting,2,0.004258545528897098,0.01751207729468599,0.06018801302888092,26,0.0028401323663667655,0.00966183574879227,0.03611691289748769,26,-0.4999999999999997,-0.8660254037844388,0,1.0,0.0,1.0,1.0,1.0,1.2094832990267124e-05,0.0963049259263686,0.0014184131625303324,1.0,16.817625,IND560099AAB → IND560300AAA,1.528875004161488,-126.346054,159.98131,False,LOW,Predicted ETA materially above OSRM baseline.,1.8176250457763672,15.0
IND411021AAA,IND411033AAA,10.7123,12.0,12.0,10.7123,22,Carting,3,0.00022600241052540346,0.0012077294685990338,0.0009167860398489149,83,0.010710976773217756,0.025966183574879224,0.14745160154160694,83,-0.5000000000000004,0.8660254037844384,0,1.0,0.0,1.0,1.0,1.0,2.4207065698288204e-06,0.14836838758145585,0.010484974362692353,1.0,28.468414,IND411021AAA → IND411033AAA,2.3723678588867188,-114.69527,171.6321,False,MEDIUM,Predicted ETA materially above OSRM baseline.,0.531585693359375,29.0
IND131028AAB,IND000000ACB,22.7407,28.0,28.0,22.7407,13,Carting,3,0.007439379868651916,0.024154589371980676,0.12459804015308967,12,0.043583693639714496,0.056763285024154585,0.9999999983354557,12,-0.2588190451025208,-0.9659258262890683,0,1.0,0.0,1.0,1.0,1.0,0.00032423565306478457,1.1245980384885454,0.03614431377106258,1.0,37.77261,IND131028AAB → IND000000ACB,1.3490217753819056,-105.39107,180.9363,True,HIGH,Touches high-bottleneck hub; expect elevated dwell risk.,13.77260971069336,24.0
IND713205AAB,IND722101AAB,40.7109,37.0,37.0,40.7109,0,Carting,0,0.0019447097483337465,0.010869565217391304,0.028757594794975014,108,0.00013257597223918002,0.0012077294685990338,6.250813908060783e-05,108,0.0,1.0,0,1.0,0.0,1.0,1.0,1.0,2.578217856083575e-07,0.02882010293405562,0.0018121337760945665,1.0,120.45374,IND713205AAB → IND722101AAB,3.2555065670528927,-22.709938,263.61743,False,MEDIUM,Predicted ETA materially above OSRM baseline.,93.45374298095703,27.0
IND302014AAB,IND302023AAA,13.9174,13.0,13.0,13.9174,7,Carting,3,0.003138486073427798,0.012681159420289854,0.006381627337313831,49,0.0004947246960297605,0.0006038647342995169,0.0005417372053652679,49,0.9659258262890683,-0.25881904510252063,0,1.0,0.0,1.0,1.0,1.0,1.552686568670204e-06,0.006923364542679099,0.0026437613773980374,1.0,27.345331,IND302014AAB → IND302023AAA,2.103487014770508,-115.81835,170.50902,False,MEDIUM,Predicted ETA materially above OSRM baseline.,8.654668807983398,36.0
IND560099AAB,IND560300AAA,12.4172,11.0,11.0,12.4172,7,Carting,2,0.004258545528897098,0.01751207729468599,0.06018801302888092,26,0.0028401323663667655,0.00966183574879227,0.03611691289748769,26,0.9659258262890683,-0.25881904510252063,0,1.0,0.0,1.0,1.0,1.0,1.2094832990267124e-05,0.0963049259263686,0.0014184131625303324,1.0,24.068665,IND560099AAB → IND560300AAA,2.1880604137073862,-119.09502,167.23235,False,MEDIUM,Predicted ETA materially above OSRM baseline.,5.06866455078125,19.0
IND421302AAG,IND562132AAA,31.643,31.0,31.0,31.643,19,FTL,2,0.015275979067222901,0.03502415458937198,0.2748907769477942,8,0.027325678537934182,0.0428743961352657,0.5073641311852639,12,-0.9659258262890684,0.2588190451025203,0,0.0,1.0,1.0,1.0,1.0,0.00041742649334314464,0.7822549081330581,0.012049699470711281,0.0,43.294014,IND421302AAG → IND562132AAA,1.3965810960338962,-99.86967,186.4577,True,LOW,Touches high-bottleneck hub; expect elevated dwell risk.,0.7059860229492188,44.0
IND400701AAA,IND410206AAA,13.0578,10.0,10.0,13.0578,7,Carting,5,0.00012352790326446573,0.0018115942028985505,0.0018814435319985006,8,0.00024257553976081664,0.0018115942028985505,0.00148250556416311,8,0.9659258262890683,-0.25881904510252063,1,1.0,0.0,1.0,1.0,1.0,2.9964847809899716e-08,0.0033639490961616106,0.0001190476364963509,1.0,21.49277,IND400701AAA → IND410206AAA,2.149276924133301,-121.67091,164.65645,False,MEDIUM,Predicted ETA materially above OSRM baseline.,7.507230758666992,29.0
IND000000ACB,IND124103AAA,23.9314,19.0,19.0,23.9314,17,FTL,3,0.043583693639714496,0.056763285024154585,0.9999999983354557,12,0.000155744926967955,0.0012077294685990338,0.0025746087080228334,9,-0.9659258262890683,-0.25881904510252063,0,0.0,1.0,1.0,1.0,1.0,6.787939182911059e-06,1.0025746070434784,0.04342794871274654,0.0,40.473385,IND000000ACB → IND124103AAA,2.1301781503777755,-102.69029,183.63707,True,CRITICAL,Touches high-bottleneck hub; expect elevated dwell risk. Predicted ETA materially above OSRM baseline.,8.473384857177734,32.0
IND560300AAA,IND562132AAA,16.8199,22.0,22.0,16.8199,10,Carting,3,0.0028401323663667655,0.00966183574879227,0.03611691289748769,26,0.027325678537934182,0.0428743961352657,0.5073641311852639,12,0.49999999999999994,-0.8660254037844387,0,1.0,0.0,1.0,1.0,1.0,7.760854404852054e-05,0.5434810440827516,0.024485546171567417,0.0,48.179005,IND560300AAA → IND562132AAA,2.1899547576904297,-94.98468,191.34268,True,HIGH,Touches high-bottleneck hub; expect elevated dwell risk. Predicted ETA materially above OSRM baseline.,18.179004669189453,30.0
IND501359AAE,IND533106AAA,27.4238,19.0,19.0,27.4238,1,FTL,2,0.01826415241952068,0.034420289855072464,0.24473683859850032,83,0.0020047471799885734,0.00966183574879227,0.01676802810729628,83,0.25881904510252074,0.9659258262890683,0,0.0,1.0,1.0,1.0,1.0,3.661500805791556e-05,0.2615048667057966,0.016259405239532107,1.0,56.214615,IND501359AAE → IND533106AAA,2.9586639404296875,-86.949066,199.3783,False,MEDIUM,Predicted ETA materially above OSRM baseline.,11.214614868164062,45.0
IND224001AAA,IND224141AAB,9.5395,6.0,6.0,9.5395,3,Carting,6,0.00011276814232708725,0.0006038647342995169,0.00046881104310455874,39,0.00020862735497832212,0.0012077294685990338,0.0009799015223167533,39,0.7071067811865476,0.7071067811865476,1,1.0,0.0,1.0,1.0,1.0,2.3526519259519184e-08,0.001448712565421312,9.585921265123487e-05,1.0,15.727602,IND224001AAA → IND224141AAB,2.621267000834147,-127.43608,158.89128,False,MEDIUM,Predicted ETA materially above OSRM baseline.,27.272397994995117,43.0
IND821115AAB,IND821109AAA,25.0058,18.0,18.0,25.0058,23,FTL,6,0.0025354959441283385,0.006642512077294686,0.024698682676554867,12,0.0001846256917377168,0.0012077294685990338,0.0017760486134230267,123,-0.25881904510252157,0.9659258262890681,1,0.0,1.0,1.0,1.0,1.0,4.6811769258286987e-07,0.026474731289977894,0.0023508702523906216,0.0,37.678944,IND821115AAB → IND821109AAA,2.093274646335178,-105.48474,180.84262,False,MEDIUM,Predicted ETA materially above OSRM baseline.,7.321056365966797,45.0
IND421302AAN,IND400072AAB,12.7808,11.0,11.0,12.7808,7,Carting,2,0.00011276814232708725,0.0006038647342995169,0.00046881104310455874,8,0.001761572637755638,0.013285024154589372,0.022310914226844832,8,0.9659258262890683,-0.25881904510252063,0,1.0,0.0,1.0,1.0,1.0,1.986492739339303e-07,0.02277972526994939,0.0016488044954285509,1.0,31.527555,IND421302AAN → IND400072AAB,2.8661414059725674,-111.63612,174.69124,False,MEDIUM,Predicted ETA materially above OSRM baseline.,0.4724445343017578,32.0
IND842001AAA,IND846004AAA,26.8063,20.0,20.0,26.8063,20,FTL,3,0.005042988297661629,0.016304347826086956,0.06098128080301983,24,0.0005507042281269114,0.0018115942028985505,0.002453220120129612,24,-0.8660254037844386,0.5000000000000001,0,0.0,1.0,1.0,1.0,1.0,2.7771949779167943e-06,0.06343450092314944,0.004492284069534717,1.0,42.33564,IND842001AAA → IND846004AAA,2.116781997680664,-100.82804,185.49933,False,MEDIUM,Predicted ETA materially above OSRM baseline.,4.335639953613281,38.0
IND695582AAA,IND695101AAB,11.2923,12.0,12.0,11.2923,22,Carting,2,0.00011276814232708725,0.0012077294685990338,0.00042713895038415357,26,0.00027162972972636496,0.0024154589371980675,0.0015649628494251399,26,-0.5000000000000004,0.8660254037844384,0,1.0,0.0,1.0,1.0,1.0,3.0631180022050963e-08,0.0019921017998092935,0.0001588615873992777,1.0,22.144186,IND695582AAA → IND695101AAB,1.845348834991455,-121.01949,165.30786,False,MEDIUM,Predicted ETA materially above OSRM baseline.,9.144186019897461,13.0
IND792130AAB,IND786001AAB,12.028,10.0,10.0,12.028,0,Carting,4,0.00011276814232708725,0.0006038647342995169,0.0008542779007683071,118,0.002294214117594333,0.00785024154589372,0.02453268614042353,118,0.0,1.0,0,1.0,0.0,1.0,1.0,1.0,2.5871426414169064e-07,0.025386964041191836,0.0021814459752672456,1.0,30.269754,IND792130AAB → IND786001AAB,3.0269754409790037,-112.89393,173.43344,False,MEDIUM,Predicted ETA materially above OSRM baseline.,14.269754409790039,16.0
IND401104AAA,IND401208AAA,14.3133,11.0,11.0,14.3133,6,Carting,1,0.0007829213155898844,0.004830917874396135,0.008316263722685685,8,0.00041840070419490365,0.0006038647342995169,0.000750097668967294,8,1.0,6.123233995736766e-17,0,1.0,0.0,1.0,1.0,1.0,3.27574829772008e-07,0.00906636139165298,0.00036452061139498077,1.0,29.819057,IND401104AAA → IND401208AAA,2.710823405872692,-113.34462,172.98274,False,MEDIUM,Predicted ETA materially above OSRM baseline.,5.819057464599609,24.0
IND600116AAB,IND602024AAA,15.7068,15.0,15.0,15.7068,23,Carting,0,0.0011354210972564572,0.004227053140096618,0.006020189515116134,83,0.0006802495286423204,0.0018115942028985505,0.0011435695463176106,83,-0.25881904510252157,0.9659258262890681,0,1.0,0.0,1.0,1.0,1.0,7.723696662192513e-07,0.007163759061433745,0.00045517156861413677,1.0,30.41502,IND600116AAB → IND602024AAA,2.027667999267578,-112.74866,173.5787,False,MEDIUM,Predicted ETA materially above OSRM baseline.,5.584980010986328,36.0
IND000000ACA,IND144001AAB,25.9509,18.0,18.0,25.9509,16,FTL,3,0.0035439445755794485,0.013285024154589372,0.029408227803113758,7,0.0027270953871660303,0.006038647342995169,0.01056448876310714,7,-0.8660254037844385,-0.5000000000000004,0,0.0,1.0,1.0,1.0,1.0,9.66467490443479e-06,0.039972716566220895,0.0008168491884134182,1.0,28.115236,IND000000ACA → IND144001AAB,1.5619575712415907,-115.04845,171.27892,False,LOW,Predicted ETA materially above OSRM baseline.,1.1152362823486328,27.0
IND501359AAE,IND500080AAB,12.6407,13.0,13.0,12.6407,3,Carting,5,0.01826415241952068,0.034420289855072464,0.24473683859850032,83,0.000534375357731096,0.0018115942028985505,0.0020677368924104742,83,0.7071067811865476,0.7071067811865476,1,1.0,0.0,1.0,1.0,1.0,9.759912982836626e-06,0.24680457549091078,0.017729777061789586,1.0,24.990023,IND501359AAE → IND500080AAB,1.9223094353309045,-118.17366,168.1537,False,MEDIUM,Predicted ETA materially above OSRM baseline.,4.009977340698242,29.0
IND160002AAC,IND000000ACA,37.0722,26.0,26.0,37.0722,1,FTL,4,0.010090396139992705,0.03683574879227053,0.1435142409406581,7,0.0035439445755794485,0.013285024154589372,0.029408227803113758,7,0.25881904510252074,0.9659258262890683,0,0.0,1.0,1.0,1.0,1.0,3.575980466577495e-05,0.17292246874377185,0.006546451564413256,1.0,47.123837,IND160002AAC → IND000000ACA,1.8124552506666918,-96.03984,190.28752,False,MEDIUM,Predicted ETA materially above OSRM baseline.,13.123836517333984,34.0
IND122004AAA,IND122413AAE,16.7799,16.0,16.0,16.7799,15,Carting,5,0.00011276814232708725,0.0012077294685990338,0.0017293918478968168,30,0.00020690533319416818,0.0006038647342995169,0.0016981377783565129,30,-0.7071067811865471,-0.7071067811865479,1,1.0,0.0,1.0,1.0,1.0,2.3332330061873367e-08,0.00342752962625333,9.413719086708093e-05,1.0,34.391758,IND122004AAA → IND122413AAE,2.149484872817993,-108.77193,177.55544,False,MEDIUM,Predicted ETA materially above OSRM baseline.,11.39175796508789,23.0
IND560083AAB,IND562132AAA,12.4344,16.0,16.0,12.4344,15,Carting,2,0.0005832289004321978,0.0024154589371980675,0.0032608412553717086,12,0.027325678537934182,0.0428743961352657,0.5073641311852639,12,-0.7071067811865471,-0.7071067811865479,0,1.0,0.0,1.0,1.0,1.0,1.5937125447243058e-05,0.5106249724406356,0.026742449637501983,1.0,29.289364,IND560083AAB → IND562132AAA,1.830585241317749,-113.87431,172.45305,True,HIGH,Touches high-bottleneck hub; expect elevated dwell risk. Predicted ETA materially above OSRM baseline.,3.2893638610839844,26.0
IND686513AAA,IND686540AAA,14.6529,14.0,14.0,14.6529,23,Carting,1,0.0002075281019067705,0.0018115942028985505,0.000421579674301896,26,0.0002882413133557032,0.0018115942028985505,0.0003106254796441645,26,-0.25881904510252157,0.9659258262890681,0,1.0,0.0,1.0,1.0,1.0,5.981817265182374e-08,0.0007322051539460604,8.071321144893272e-05,1.0,27.376095,IND686513AAA → IND686540AAA,1.955435344151088,-115.78758,170.53978,False,MEDIUM,Predicted ETA materially above OSRM baseline.,1.3760948181152344,26.0
IND221401AAA,IND221303AAA,17.544900000000002,16.0,16.0,17.544900000000002,11,FTL,2,0.0001218706305445654,0.0012077294685990338,0.001372782426335228,10,0.0002163659531914428,0.0012077294685990338,0.0007182526260951484,10,0.258819045102521,-0.9659258262890682,0,0.0,1.0,1.0,1.0,1.0,2.6368655143817054e-08,0.0020910350524303766,9.449532264687739e-05,1.0,41.913548,IND221401AAA → IND221303AAA,2.6195967197418213,-101.25014,185.07722,False,MEDIUM,Predicted ETA materially above OSRM baseline.,6.086452484130859,48.0
IND122004AAA,IND122413AAE,14.2101,13.0,13.0,14.2101,19,Carting,2,0.00011276814232708725,0.0012077294685990338,0.0017293918478968168,30,0.00020690533319416818,0.0006038647342995169,0.0016981377783565129,30,-0.9659258262890684,0.2588190451025203,0,1.0,0.0,1.0,1.0,1.0,2.3332330061873367e-08,0.00342752962625333,9.413719086708093e-05,1.0,24.366262,IND122004AAA → IND122413AAE,1.874327879685622,-118.79742,167.52994,False,MEDIUM,Predicted ETA materially above OSRM baseline.,7.366262435913086,17.0
IND209304AAA,IND209801AAA,10.8711,7.0,7.0,10.8711,0,Carting,0,0.011312853192402364,0.01751207729468599,0.10963897657981267,10,0.0006853225008933601,0.0012077294685990338,0.0011459825498111435,10,0.0,1.0,0,1.0,0.0,1.0,1.0,1.0,7.75295284205662e-06,0.11078495912962381,0.010627530691509004,1.0,19.289871,IND209304AAA → IND209801AAA,2.7556958879743303,-123.87381,162.45355,False,MEDIUM,Predicted ETA materially above OSRM baseline.,1.2898712158203125,18.0
IND501359AAE,IND518002AAA,24.7457,17.0,17.0,24.7457,8,FTL,3,0.01826415241952068,0.034420289855072464,0.24473683859850032,83,0.0024663342141252815,0.010869565217391304,0.025526336568979405,2,0.8660254037844387,-0.4999999999999998,0,0.0,1.0,1.0,1.0,1.0,4.50455040042629e-05,0.2702631751674797,0.0157978182053954,0.0,29.066832,IND501359AAE → IND518002AAA,1.70981362286736,-114.09685,172.23051,False,LOW,Predicted ETA materially above OSRM baseline.,1.0668315887451172,28.0
IND712311AAA,IND713103AAA,31.6172,22.0,22.0,31.6172,18,FTL,2,0.014161863916236042,0.027777777777777776,0.21831191097956232,12,0.00020107520379862044,0.0012077294685990338,0.0003125406954030392,108,-1.0,-1.8369701987210297e-16,0,0.0,1.0,1.0,1.0,1.0,2.8475996731254914e-06,0.21862445167496536,0.013960788712437422,0.0,77.37539,IND712311AAA → IND713103AAA,3.5170631408691406,-65.78829,220.53906,False,MEDIUM,Predicted ETA materially above OSRM baseline.,27.375389099121094,50.0
IND562132AAA,IND560099AAB,11.8538,14.0,14.0,11.8538,20,Carting,6,0.027325678537934182,0.0428743961352657,0.5073641311852639,12,0.004258545528897098,0.01751207729468599,0.06018801302888092,26,-0.8660254037844386,0.5000000000000001,1,1.0,0.0,1.0,1.0,1.0,0.000116367646161799,0.5675521442141448,0.023067133009037084,0.0,14.782368,IND562132AAA → IND560099AAB,1.0558834075927734,-128.38132,157.94604,True,LOW,Touches high-bottleneck hub; expect elevated dwell risk.,2.217632293701172,17.0
IND712311AAA,IND732103AAB,24.519,17.0,17.0,24.519,6,FTL,4,0.014161863916236042,0.027777777777777776,0.21831191097956232,12,0.002107371427555803,0.004227053140096618,0.006891630816183598,110,1.0,6.123233995736766e-17,0,0.0,1.0,1.0,1.0,1.0,2.9844307378009365e-05,0.22520354179574592,0.012054492488680239,0.0,67.753624,IND712311AAA → IND732103AAB,3.9855072919060204,-75.41006,210.9173,False,MEDIUM,Predicted ETA materially above OSRM baseline.,34.753623962402344,33.0
IND416012AAA,IND415409AAB,24.6185,19.0,19.0,24.6185,20,FTL,2,0.0021416746613248006,0.006038647342995169,0.028776574310338678,8,0.0001429888255372026,0.0012077294685990338,0.0030183486711119647,8,-0.8660254037844386,0.5000000000000001,0,0.0,1.0,1.0,1.0,1.0,3.062355445056194e-07,0.03179492298145064,0.001998685835787598,1.0,40.564663,IND416012AAA → IND415409AAB,2.1349822596499792,-102.599014,183.72835,False,MEDIUM,Predicted ETA materially above OSRM baseline.,14.56466293334961,26.0
IND400072AAB,IND400015AAA,10.8873,8.0,8.0,10.8873,20,Carting,0,0.001761572637755638,0.013285024154589372,0.022310914226844832,8,0.0007307380640950161,0.0030193236714975845,0.004578480478814889,8,-0.8660254037844386,0.5000000000000001,0,1.0,0.0,1.0,1.0,1.0,1.287248179076306e-06,0.026889394705659722,0.001030834573660622,1.0,20.352327,IND400072AAB → IND400015AAA,2.5440409183502197,-122.811356,163.516,False,MEDIUM,Predicted ETA materially above OSRM baseline.,3.352327346801758,17.0
IND610001AAA,IND614715AAA,12.1178,11.0,11.0,12.1178,8,Carting,2,0.0010580430230143125,0.0024154589371980675,0.008096117798407545,95,0.0005255561063989717,0.0012077294685990338,0.0017165608212231823,95,0.8660254037844387,-0.4999999999999998,0,1.0,0.0,1.0,1.0,1.0,5.560609715779997e-07,0.009812678619630727,0.0005324869166153408,1.0,20.446852,IND610001AAA → IND614715AAA,1.858804702758789,-122.71683,163.61053,False,MEDIUM,Predicted ETA materially above OSRM baseline.,4.44685173034668,16.0
IND301705AAA,IND123001AAA,40.7227,31.0,31.0,40.7227,18,FTL,4,0.00018390741091752573,0.0018115942028985505,0.002250435302665232,48,0.0002985944675947444,0.0018115942028985505,0.0030539473299600653,48,-1.0,-1.8369701987210297e-16,0,0.0,1.0,1.0,1.0,1.0,5.491373544964648e-08,0.0053043826326252975,0.00011468705667721867,1.0,66.40662,IND301705AAA → IND123001AAA,2.142148910030242,-76.757065,209.5703,False,MEDIUM,Predicted ETA materially above OSRM baseline.,10.4066162109375,56.0
IND124507AAA,IND131028AAE,35.6695,37.0,37.0,35.6695,21,FTL,5,0.0003469081905049388,0.0024154589371980675,0.0018146839892072793,12,0.00018650075000515903,0.0012077294685990338,7.292616226070914e-05,12,-0.7071067811865477,0.7071067811865474,1,0.0,1.0,1.0,1.0,1.0,6.469863771210368e-08,0.0018876101514679884,0.00016040744049977977,1.0,68.500206,IND124507AAA → IND131028AAE,1.8513569187473606,-74.663475,211.66388,False,MEDIUM,Predicted ETA materially above OSRM baseline.,20.499794006347656,89.0
IND562132AAA,IND560300AAA,11.624,13.0,13.0,11.624,2,Carting,0,0.027325678537934182,0.0428743961352657,0.5073641311852639,12,0.0028401323663667655,0.00966183574879227,0.03611691289748769,26,0.49999999999999994,0.8660254037844387,0,1.0,0.0,1.0,1.0,1.0,7.760854404852054e-05,0.5434810440827516,0.024485546171567417,0.0,23.164026,IND562132AAA → IND560300AAA,1.781848173875075,-119.99966,166.32771,True,MEDIUM,Touches high-bottleneck hub; expect elevated dwell risk. Predicted ETA materially above OSRM baseline.,3.1640262603759766,20.0
IND421302AAG,IND401104AAA,28.4196,24.0,24.0,28.4196,21,Carting,1,0.015275979067222901,0.03502415458937198,0.2748907769477942,8,0.0007829213155898844,0.004830917874396135,0.008316263722685685,8,-0.7071067811865477,0.7071067811865474,0,1.0,0.0,1.0,1.0,1.0,1.1959889628233688e-05,0.28320704067047986,0.014493057751633016,1.0,68.96008,IND421302AAG → IND401104AAA,2.8733367919921875,-74.2036,212.12376,False,MEDIUM,Predicted ETA materially above OSRM baseline.,11.9600830078125,57.0
IND000000ACB,IND201301AAF,11.0604,12.0,12.0,11.0604,14,Carting,3,0.043583693639714496,0.056763285024154585,0.9999999983354557,12,0.0012746452249213997,0.006642512077294686,0.006025233753046309,38,-0.4999999999999997,-0.8660254037844388,0,1.0,0.0,1.0,1.0,1.0,5.555374698229926e-05,1.006025232088502,0.0423090484147931,0.0,16.119417,IND000000ACB → IND201301AAF,1.3432847658793132,-127.044266,159.2831,True,HIGH,Touches high-bottleneck hub; expect elevated dwell risk.,5.119417190551758,11.0
IND424006AAA,IND424304AAC,25.1759,17.0,17.0,25.1759,23,FTL,4,0.0007229559578887601,0.009057971014492754,0.008476992369720687,8,0.00028956624749933537,0.0030193236714975845,0.0005000651126448627,8,-0.25881904510252157,0.9659258262890681,0,0.0,1.0,1.0,1.0,1.0,2.0934364383313578e-07,0.00897705748236555,0.00043338971038942476,1.0,40.969498,IND424006AAA → IND424304AAC,2.4099704518037686,-102.19418,184.13318,False,MEDIUM,Predicted ETA materially above OSRM baseline.,2.9694976806640625,38.0
IND834002AAB,IND829122AAA,27.3868,20.0,20.0,27.3868,10,FTL,6,0.003247399803026115,0.007246376811594202,0.040746631092859156,128,0.000184889087776545,0.0012077294685990338,0.002067753262465863,128,0.49999999999999994,-0.8660254037844387,1,0.0,1.0,1.0,1.0,1.0,6.004087872272303e-07,0.042814384355325016,0.00306251071524957,1.0,49.200264,IND834002AAB → IND829122AAA,2.460013198852539,-93.96342,192.36395,False,MEDIUM,Predicted ETA materially above OSRM baseline.,16.20026397705078,33.0
IND560099AAB,IND562132AAA,13.5325,17.0,17.0,13.5325,20,Carting,2,0.004258545528897098,0.01751207729468599,0.06018801302888092,26,0.027325678537934182,0.0428743961352657,0.5073641311852639,12,-0.8660254037844386,0.5000000000000001,0,1.0,0.0,1.0,1.0,1.0,0.000116367646161799,0.5675521442141448,0.023067133009037084,0.0,24.484098,IND560099AAB → IND562132AAA,1.4402410843793083,-118.67958,167.64778,True,MEDIUM,Touches high-bottleneck hub; expect elevated dwell risk.,1.4840984344482422,23.0
IND421302AAG,IND400102AAC,30.2027,24.0,24.0,30.2027,15,Carting,0,0.015275979067222901,0.03502415458937198,0.2748907769477942,8,0.0003433971768372025,0.0018115942028985505,0.0032694536184455073,8,-0.7071067811865471,-0.7071067811865479,0,1.0,0.0,1.0,1.0,1.0,5.245728085108546e-06,0.2781602305662397,0.0149325818903857,1.0,85.45571,IND421302AAG → IND400102AAC,3.560654640197754,-57.70797,228.61938,False,MEDIUM,Predicted ETA materially above OSRM baseline.,29.455711364746094,56.0
IND560058AAD,IND562132AAA,11.615200000000002,15.0,15.0,11.615200000000002,9,Carting,5,0.0003520550475927791,0.0024154589371980675,0.001771063940617222,12,0.027325678537934182,0.0428743961352657,0.5073641311852639,12,0.7071067811865476,-0.7071067811865475,1,1.0,0.0,1.0,1.0,1.0,9.620143058177401e-06,0.5091351951258811,0.0269736234903414,1.0,29.429674,IND560058AAD → IND562132AAA,1.961978276570638,-113.73401,172.59335,True,HIGH,Touches high-bottleneck hub; expect elevated dwell risk. Predicted ETA materially above OSRM baseline.,6.42967414855957,23.0
IND723133AAA,IND723130AAA,30.3566,44.0,44.0,30.3566,0,FTL,4,0.000322594316965892,0.0018115942028985505,0.001150343509174329,108,0.0008145991776107933,0.003623188405797101,0.0075568263366465865,108,0.0,1.0,0,0.0,1.0,1.0,1.0,1.0,2.6278506530233124e-07,0.008707169845820916,0.0004920048606449014,1.0,74.91808,IND723133AAA → IND723130AAA,1.7026837088844993,-68.2456,218.08176,False,LOW,Predicted ETA materially above OSRM baseline.,4.081916809082031,79.0
IND382430AAB,IND380005AAA,11.2982,9.0,9.0,11.2982,4,Carting,4,0.004981881017124824,0.018115942028985508,0.08737990603767548,11,0.0003657660061362325,0.0024154589371980675,0.002567818375110726,11,0.8660254037844386,0.5000000000000001,0,1.0,0.0,1.0,1.0,1.0,1.8222027226796584e-06,0.0899477244127862,0.004616115010988592,1.0,22.474148,IND382430AAB → IND380005AAA,2.4971275329589844,-120.68953,165.63783,False,MEDIUM,Predicted ETA materially above OSRM baseline.,4.474147796630859,18.0
IND461111AAA,IND460001AAA,23.8154,17.0,17.0,23.8154,3,FTL,4,0.0002673502953785675,0.0012077294685990338,0.002863183454532334,75,0.0003400226027180514,0.0012077294685990338,0.0030525135318804604,75,0.7071067811865476,0.7071067811865476,0,0.0,1.0,1.0,1.0,1.0,9.090514327206035e-08,0.005915696986412795,7.267230733948391e-05,1.0,34.08942,IND461111AAA → IND460001AAA,2.0052600187413834,-109.074265,177.2531,False,MEDIUM,Predicted ETA materially above OSRM baseline.,4.089420318603516,30.0
IND403726AAA,IND575004AAB,23.9443,21.0,21.0,23.9443,2,FTL,6,0.001879031390843584,0.006038647342995169,0.016975417426793538,83,0.001676500257590839,0.00785024154589372,0.028736788214714516,65,0.49999999999999994,0.8660254037844387,1,0.0,1.0,1.0,1.0,1.0,3.1501966107705413e-06,0.045712205641508054,0.00020253113325274493,0.0,35.24948,IND403726AAA → IND575004AAB,1.6785467238653273,-107.9142,178.41316,False,LOW,Predicted ETA materially above OSRM baseline.,13.750518798828125,49.0
IND400072AAB,IND421302AAG,12.933,9.0,9.0,12.933,10,Carting,5,0.001761572637755638,0.013285024154589372,0.022310914226844832,8,0.015275979067222901,0.03502415458937198,0.2748907769477942,8,0.49999999999999994,-0.8660254037844387,1,1.0,0.0,1.0,1.0,1.0,2.6909746739747758e-05,0.297201691174639,0.013514406429467263,1.0,45.14621,IND400072AAB → IND421302AAG,5.016245524088542,-98.01747,188.30989,False,MEDIUM,Predicted ETA materially above OSRM baseline.,4.853790283203125,50.0
IND160002AAC,IND140901AAA,15.2686,16.0,16.0,15.2686,0,Carting,4,0.010090396139992705,0.03683574879227053,0.1435142409406581,7,0.0005797816390067948,0.0024154589371980675,0.0033369136902211423,7,0.0,1.0,0,1.0,0.0,1.0,1.0,1.0,5.850226412272806e-06,0.14685115463087925,0.00951061450098591,1.0,27.192816,IND160002AAC → IND140901AAA,1.699550986289978,-115.97086,170.35649,False,LOW,Predicted ETA materially above OSRM baseline.,4.807184219360352,32.0
IND403726AAA,IND411033AAA,44.0373,43.0,43.0,44.0373,19,FTL,0,0.001879031390843584,0.006038647342995169,0.016975417426793538,83,0.010710976773217756,0.025966183574879224,0.14745160154160694,83,-0.9659258262890684,0.2588190451025203,0,0.0,1.0,1.0,1.0,1.0,2.0126261583472683e-05,0.16442701896840048,0.008831945382374171,1.0,71.076744,IND403726AAA → IND411033AAA,1.6529475367346476,-72.08694,214.24042,False,LOW,Predicted ETA materially above OSRM baseline.,22.076744079589844,49.0
IND508116AAA,IND508277AAB,22.8311,24.0,24.0,22.8311,0,FTL,2,0.0004438646487671719,0.0018115942028985505,0.0019323189611245462,83,0.00045345666338603803,0.0012077294685990338,0.001751568506739441,83,0.0,1.0,0,0.0,1.0,1.0,1.0,1.0,2.0127338262497748e-07,0.0036838874678639874,9.592014618866121e-06,1.0,31.680326,IND508116AAA → IND508277AAB,1.3200136025746663,-111.48335,174.84401,False,LOW,Within normal network operating envelope.,5.680326461791992,26.0
IND263601AAA,IND262501AAA,56.313,61.0,61.0,56.313,20,FTL,5,0.0003878289813227375,0.0024154589371980675,0.002536066517835764,34,0.00046098666956331574,0.0018115942028985505,0.0027720369906547113,34,-0.8660254037844386,0.5000000000000001,1,0.0,1.0,1.0,1.0,1.0,1.7878399046010214e-07,0.005308103508490475,7.315768824057826e-05,1.0,105.73925,IND263601AAA → IND262501AAA,1.7334303308705814,-37.42443,248.90292,False,LOW,Predicted ETA materially above OSRM baseline.,22.26074981689453,128.0
IND600056AAB,IND632006AAA,26.5075,25.0,25.0,26.5075,8,FTL,1,0.008609840295943885,0.021739130434782608,0.10264681853382264,12,0.0008062279055321711,0.005434782608695652,0.008325718910507249,26,0.8660254037844387,-0.4999999999999998,0,0.0,1.0,1.0,1.0,1.0,6.9414935087653266e-06,0.11097253744432989,0.007803612390411713,0.0,35.726746,IND600056AAB → IND632006AAA,1.42906982421875,-107.436935,178.89043,False,LOW,Within normal network operating envelope.,0.72674560546875,35.0
IND638401AAA,IND638452AAA,11.3445,10.0,10.0,11.3445,20,Carting,3,0.0006284341746171239,0.0012077294685990338,0.0009368283716275204,103,0.0006463169600106756,0.0012077294685990338,0.0003840657996949207,103,-0.8660254037844386,0.5000000000000001,0,1.0,0.0,1.0,1.0,1.0,4.0616766530535764e-07,0.001320894171322441,1.7882785393551724e-05,1.0,16.815115,IND638401AAA → IND638452AAA,1.6815114974975587,-126.348564,159.97879,False,LOW,Predicted ETA materially above OSRM baseline.,5.815114974975586,11.0
IND000000ACB,IND121004AAB,11.3234,12.0,12.0,11.3234,19,Carting,3,0.043583693639714496,0.056763285024154585,0.9999999983354557,12,0.0025897154281891554,0.00966183574879227,0.019649847800903245,8,-0.9659258262890684,0.2588190451025203,0,1.0,0.0,1.0,1.0,1.0,0.00011286936383623819,1.019649846136359,0.04099397821152534,0.0,16.33708,IND000000ACB → IND121004AAB,1.3614233334859211,-126.8266,159.50076,True,HIGH,Touches high-bottleneck hub; expect elevated dwell risk.,1.3370800018310547,15.0
IND382430AAB,IND389001AAA,24.6715,19.0,19.0,24.6715,18,FTL,0,0.004981881017124824,0.018115942028985508,0.08737990603767548,11,0.0003681986779036281,0.0012077294685990338,0.0030917562510519433,11,-1.0,-1.8369701987210297e-16,0,0.0,1.0,1.0,1.0,1.0,1.8343220039785423e-06,0.09047166228872743,0.004613682339221195,1.0,29.876995,IND382430AAB → IND389001AAA,1.5724734256142063,-113.28668,173.04068,False,LOW,Predicted ETA materially above OSRM baseline.,2.123004913330078,32.0
IND181152AAB,IND184121AAA,25.8371,24.0,24.0,25.8371,10,FTL,4,0.0003895337019783925,0.003623188405797101,0.0021272246846103186,7,0.00043938396740269507,0.004227053140096618,0.0016920807145395969,7,0.49999999999999994,-0.8660254037844387,0,0.0,1.0,1.0,1.0,1.0,1.7115486341232514e-07,0.0038193053991499156,4.985026542430259e-05,1.0,38.246037,IND181152AAB → IND184121AAA,1.5935848553975422,-104.91765,181.40971,False,LOW,Predicted ETA materially above OSRM baseline.,1.2460365295410156,37.0
IND756100AAC,IND758034AAA,38.6725,28.0,28.0,38.6725,14,FTL,0,0.0015924084883109358,0.004227053140096618,0.012362418988887888,114,0.001126622970519892,0.0024154589371980675,0.0016215839258278096,114,-0.4999999999999997,-0.8660254037844388,0,0.0,1.0,1.0,1.0,1.0,1.794043981381957e-06,0.013984002914715698,0.0004657855177910438,1.0,82.53346,IND756100AAC → IND758034AAA,2.9476236615862166,-60.63022,225.69714,False,MEDIUM,Predicted ETA materially above OSRM baseline.,23.466537475585938,106.0
IND560099AAB,IND560043AAC,15.4562,20.0,20.0,15.4562,3,Carting,5,0.004258545528897098,0.01751207729468599,0.06018801302888092,26,0.0007448621456846732,0.004227053140096618,0.006722180250422224,26,0.7071067811865476,0.7071067811865476,1,1.0,0.0,1.0,1.0,1.0,3.1720293601501638e-06,0.06691019327930314,0.0035136833832124246,1.0,35.61193,IND560099AAB → IND560043AAC,1.7805965423583985,-107.55175,178.7756,False,LOW,Predicted ETA materially above OSRM baseline.,15.611930847167969,20.0
IND686507AAA,IND686513AAA,13.1434,9.0,9.0,13.1434,0,Carting,5,0.00012633801813969765,0.0018115942028985505,0.0001875244172418235,26,0.0002075281019067705,0.0018115942028985505,0.000421579674301896,26,0.0,1.0,1,1.0,0.0,1.0,1.0,1.0,2.6218689103194595e-08,0.0006091040915437195,8.119008376707284e-05,1.0,28.303679,IND686507AAA → IND686513AAA,3.1448531680636935,-114.86,171.46736,False,MEDIUM,Predicted ETA materially above OSRM baseline.,5.303678512573242,23.0
IND621211AAA,IND621010AAA,23.7937,21.0,21.0,23.7937,20,FTL,6,0.00011276814232708725,0.0006038647342995169,0.0001771063940617222,97,0.00020862735497832212,0.0012077294685990338,0.0005141271961483468,97,-0.8660254037844386,0.5000000000000001,1,0.0,1.0,1.0,1.0,1.0,2.3526519259519184e-08,0.0006912335902100689,9.585921265123487e-05,1.0,34.78622,IND621211AAA → IND621010AAA,1.6564866928827195,-108.37746,177.9499,False,LOW,Predicted ETA materially above OSRM baseline.,7.786220550537109,27.0
IND160002AAC,IND000000ACB,22.5073,24.0,24.0,22.5073,18,FTL,4,0.010090396139992705,0.03683574879227053,0.1435142409406581,7,0.043583693639714496,0.056763285024154585,0.9999999983354557,12,-1.0,-1.8369701987210297e-16,0,0.0,1.0,1.0,1.0,1.0,0.00043977673406879974,1.1435142392761137,0.03349329749972179,0.0,64.746124,IND160002AAC → IND000000ACB,2.6977551778157554,-78.41756,207.9098,True,CRITICAL,Touches high-bottleneck hub; expect elevated dwell risk. Predicted ETA materially above OSRM baseline.,9.746124267578125,55.0
IND624601AAA,IND624101AAA,58.4166,130.0,130.0,58.4166,0,FTL,1,0.0008532229471955098,0.0018115942028985505,0.0005549123886899716,98,0.000711816205148223,0.0012077294685990338,0.0004975425534987575,98,0.0,1.0,0,0.0,1.0,1.0,1.0,1.0,6.073379204180905e-07,0.001052454942188729,0.00014140674204728674,1.0,96.988174,IND624601AAA → IND624101AAA,0.7460628802959736,-46.175507,240.15186,False,LOW,Within normal network operating envelope.,5.9881744384765625,91.0
IND000000ACB,IND131028AAB,14.1398,15.0,15.0,14.1398,9,Carting,0,0.043583693639714496,0.056763285024154585,0.9999999983354557,12,0.007439379868651916,0.024154589371980676,0.12459804015308967,12,0.7071067811865476,-0.7071067811865475,0,1.0,0.0,1.0,1.0,1.0,0.00032423565306478457,1.1245980384885454,0.03614431377106258,1.0,29.33442,IND000000ACB → IND131028AAB,1.9556279500325522,-113.82926,172.49811,True,CRITICAL,Touches high-bottleneck hub; expect elevated dwell risk. Predicted ETA materially above OSRM baseline.,16.66558074951172,46.0
IND209304AAA,IND209101AAA,19.8049,13.0,13.0,19.8049,23,FTL,6,0.011312853192402364,0.01751207729468599,0.10963897657981267,10,0.00022213245800828545,0.0012077294685990338,0.003132946926093079,10,-0.25881904510252157,0.9659258262890681,1,0.0,1.0,1.0,1.0,1.0,2.512951886715216e-06,0.11277192350590574,0.011090720734394079,1.0,42.60857,IND209304AAA → IND209101AAA,3.2775823152982273,-100.555115,185.77225,False,MEDIUM,Predicted ETA materially above OSRM baseline.,3.608570098876953,39.0
IND686507AAA,IND686513AAA,12.007700000000002,8.0,8.0,12.007700000000002,22,Carting,3,0.00012633801813969765,0.0018115942028985505,0.0001875244172418235,26,0.0002075281019067705,0.0018115942028985505,0.000421579674301896,26,-0.5000000000000004,0.8660254037844384,0,1.0,0.0,1.0,1.0,1.0,2.6218689103194595e-08,0.0006091040915437195,8.119008376707284e-05,1.0,22.512806,IND686507AAA → IND686513AAA,2.814100742340088,-120.65088,165.67648,False,MEDIUM,Predicted ETA materially above OSRM baseline.,8.512805938720703,14.0
IND110030AAD,IND000000ACB,16.395400000000002,15.0,15.0,16.395400000000002,23,Carting,2,0.00034270843176042965,0.0018115942028985505,0.0023544732387028953,12,0.043583693639714496,0.056763285024154585,0.9999999983354557,12,-0.25881904510252157,0.9659258262890681,0,1.0,0.0,1.0,1.0,1.0,1.4936499297593568e-05,1.0023544715741586,0.043240985207954066,1.0,35.106544,IND110030AAD → IND000000ACB,2.3404362996419272,-108.05714,178.27023,True,CRITICAL,Touches high-bottleneck hub; expect elevated dwell risk. Predicted ETA materially above OSRM baseline.,9.106544494628906,26.0
IND110037AAM,IND121004AAB,14.1088,11.0,11.0,14.1088,16,Carting,0,0.010241046913380535,0.02717391304347826,0.1268978120710098,8,0.0025897154281891554,0.00966183574879227,0.019649847800903245,8,-0.8660254037844385,-0.5000000000000004,0,1.0,0.0,1.0,1.0,1.0,2.6521397192390498e-05,0.14654765987191304,0.007651331485191379,1.0,23.025122,IND110037AAM → IND121004AAB,2.0931928808038887,-120.13856,166.1888,False,MEDIUM,Predicted ETA materially above OSRM baseline.,3.0251216888427734,20.0
IND842001AAA,IND846004AAA,27.1077,20.0,20.0,27.1077,20,FTL,6,0.005042988297661629,0.016304347826086956,0.06098128080301983,24,0.0005507042281269114,0.0018115942028985505,0.002453220120129612,24,-0.8660254037844386,0.5000000000000001,1,0.0,1.0,1.0,1.0,1.0,2.7771949779167943e-06,0.06343450092314944,0.004492284069534717,1.0,43.46959,IND842001AAA → IND846004AAA,2.173479461669922,-99.69409,186.63327,False,MEDIUM,Predicted ETA materially above OSRM baseline.,36.53041076660156,80.0
IND302006AAA,IND302014AAB,12.0727,11.0,11.0,12.0727,0,Carting,3,0.0003433834200343616,0.0012077294685990338,0.0005834092980856731,49,0.003138486073427798,0.012681159420289854,0.006381627337313831,49,0.0,1.0,0,1.0,0.0,1.0,1.0,1.0,1.0777040816238518e-06,0.006965036635399505,0.0027951026533934364,1.0,42.15895,IND302006AAA → IND302014AAB,3.832631891424006,-101.00473,185.32263,False,MEDIUM,Predicted ETA materially above OSRM baseline.,9.158950805664062,33.0
IND500010AAA,IND501359AAE,11.9701,9.0,9.0,11.9701,20,Carting,0,0.0006228653926044661,0.003623188405797101,0.004401625936169089,83,0.01826415241952068,0.034420289855072464,0.24473683859850032,83,-0.8660254037844386,0.5000000000000001,0,1.0,0.0,1.0,1.0,1.0,1.1376108467372558e-05,0.2491384645346694,0.017641287026916214,1.0,25.315182,IND500010AAA → IND501359AAE,2.8127979702419705,-117.848495,168.47887,False,MEDIUM,Predicted ETA materially above OSRM baseline.,2.3151817321777344,23.0
IND306401AAB,IND305001AAC,17.340799999999998,16.0,16.0,17.340799999999998,11,Carting,1,0.0023258118037830003,0.004227053140096618,0.02824452273942036,11,0.002988234922925943,0.005434782608695652,0.02350664113000858,11,0.258819045102521,-0.9659258262890682,0,1.0,0.0,1.0,1.0,1.0,6.9500720562177425e-06,0.051751163869428934,0.0006624231191429426,1.0,48.70688,IND306401AAB → IND305001AAC,3.044179916381836,-94.4568,191.87056,False,MEDIUM,Predicted ETA materially above OSRM baseline.,9.706878662109375,39.0
IND400072AAD,IND421302AAG,14.6104,11.0,11.0,14.6104,22,Carting,2,0.0004344999759885544,0.0024154589371980675,0.006665357313131835,8,0.015275979067222901,0.03502415458937198,0.2748907769477942,8,-0.5000000000000004,0.8660254037844384,0,1.0,0.0,1.0,1.0,1.0,6.63741253791001e-06,0.281556134260926,0.014841479091234348,1.0,32.00814,IND400072AAD → IND421302AAG,2.9098309603604404,-111.15554,175.17181,False,MEDIUM,Predicted ETA materially above OSRM baseline.,5.008140563964844,27.0
IND562132AAA,IND560060AAB,14.126,15.0,15.0,14.126,21,Carting,4,0.027325678537934182,0.0428743961352657,0.5073641311852639,12,0.0006660752398210037,0.0030193236714975845,0.0034275296262533295,26,-0.7071067811865477,0.7071067811865474,0,1.0,0.0,1.0,1.0,1.0,1.8200957885426162e-05,0.5107916608115173,0.026659603298113177,0.0,22.53694,IND562132AAA → IND560060AAB,1.502462641398112,-120.62674,165.70062,True,MEDIUM,Touches high-bottleneck hub; expect elevated dwell risk. Predicted ETA materially above OSRM baseline.,4.53693962097168,18.0
IND743235AAA,IND743270AAA,19.0078,18.0,18.0,19.0078,22,FTL,5,0.00020572294387606957,0.0012077294685990338,0.0009352090827155845,12,0.0002876630223435727,0.0012077294685990338,0.000775294674690682,12,-0.5000000000000004,0.8660254037844384,1,0.0,1.0,1.0,1.0,1.0,5.917888380080735e-08,0.0017105037574062665,8.194007846750313e-05,1.0,37.36762,IND743235AAA → IND743270AAA,2.075978808932834,-105.79607,180.5313,False,MEDIUM,Predicted ETA materially above OSRM baseline.,1.3676185607910156,36.0
IND132103AAA,IND132001AAA,24.0194,20.0,20.0,24.0194,19,FTL,4,0.00016345181701695496,0.0024154589371980675,0.0016191709223342765,12,0.0002141520253744164,0.0030193236714975845,0.0009456271058956858,12,-0.9659258262890684,0.2588190451025203,0,0.0,1.0,1.0,1.0,1.0,3.50035376653094e-08,0.0025647980282299623,5.0700208357461424e-05,1.0,35.891857,IND132103AAA → IND132001AAA,1.7945928573608398,-107.27182,179.05554,False,LOW,Predicted ETA materially above OSRM baseline.,0.10814285278320312,36.0
IND411033AAA,IND411021AAA,11.0092,13.0,13.0,11.0092,7,Carting,4,0.010710976773217756,0.025966183574879224,0.14745160154160694,83,0.00022600241052540346,0.0012077294685990338,0.0009167860398489149,83,0.9659258262890683,-0.25881904510252063,0,1.0,0.0,1.0,1.0,1.0,2.4207065698288204e-06,0.14836838758145585,0.010484974362692353,1.0,33.145912,IND411033AAA → IND411021AAA,2.549685551570012,-110.01777,176.3096,False,MEDIUM,Predicted ETA materially above OSRM baseline.,2.8540878295898438,36.0
IND600044AAD,IND600056AAB,11.7155,10.0,10.0,11.7155,16,Carting,5,0.0011347686760551832,0.006038647342995169,0.009263450552368938,93,0.008609840295943885,0.021739130434782608,0.10264681853382264,12,-0.8660254037844385,-0.5000000000000004,1,1.0,0.0,1.0,1.0,1.0,9.770177073674808e-06,0.11191026908619157,0.007475071619888701,0.0,18.486464,IND600044AAD → IND600056AAB,1.848646354675293,-124.677216,161.65015,False,MEDIUM,Predicted ETA materially above OSRM baseline.,8.51353645324707,27.0
IND301001AAB,IND321001AAB,23.4756,21.0,21.0,23.4756,21,FTL,3,0.0013873751777620797,0.004830917874396135,0.008051813590888461,2,0.0009434482107635744,0.0018115942028985505,0.0020475245594928915,2,-0.7071067811865477,0.7071067811865474,0,0.0,1.0,1.0,1.0,1.0,1.30891662911743e-06,0.010099338150381353,0.00044392696699850534,1.0,28.865032,IND301001AAB → IND321001AAB,1.3745253426688058,-114.298645,172.02872,False,LOW,Within normal network operating envelope.,30.134967803955078,59.0
IND532001AAB,IND532127AAA,25.5241,23.0,23.0,25.5241,3,FTL,4,0.0024867499334885437,0.005434782608695652,0.018831125363914056,86,0.0004001216220348362,0.0012077294685990338,0.003768446340079259,86,0.7071067811865476,0.7071067811865476,0,0.0,1.0,1.0,1.0,1.0,9.95002416982457e-07,0.022599571703993314,0.0020866283114537075,1.0,37.249363,IND532001AAB → IND532127AAA,1.6195375193720278,-105.91432,180.41304,False,LOW,Predicted ETA materially above OSRM baseline.,2.2493629455566406,35.0
IND560043AAC,IND560064AAA,13.3456,18.0,18.0,13.3456,23,Carting,5,0.0007448621456846732,0.004227053140096618,0.006722180250422224,26,0.00031629984594977803,0.0006038647342995169,0.0005521552285453693,26,-0.25881904510252157,0.9659258262890681,1,1.0,0.0,1.0,1.0,1.0,2.3559978193388325e-07,0.007274335478967594,0.00042856229973489517,1.0,31.08151,IND560043AAC → IND560064AAA,1.726750585767958,-112.08217,174.2452,False,LOW,Predicted ETA materially above OSRM baseline.,7.081510543823242,24.0
IND121004AAB,IND000000ACB,11.1978,12.0,12.0,11.1978,6,Carting,4,0.0025897154281891554,0.00966183574879227,0.019649847800903245,8,0.043583693639714496,0.056763285024154585,0.9999999983354557,12,1.0,6.123233995736766e-17,0,1.0,0.0,1.0,1.0,1.0,0.00011286936383623819,1.019649846136359,0.04099397821152534,0.0,22.471024,IND121004AAB → IND000000ACB,1.8725852966308594,-120.69266,165.6347,True,CRITICAL,Touches high-bottleneck hub; expect elevated dwell risk. Predicted ETA materially above OSRM baseline.,4.4710235595703125,18.0
IND421401AAC,IND421601AAB,10.5194,7.0,7.0,10.5194,0,Carting,4,0.0001790739897487454,0.0012077294685990338,0.0014144381490002445,8,0.0002650152621561029,0.0012077294685990338,0.0015358103668380774,8,0.0,1.0,0,1.0,0.0,1.0,1.0,1.0,4.745734033860304e-08,0.0029502485158383216,8.594127240735749e-05,1.0,16.132294,IND421401AAC → IND421601AAB,2.3046133858816966,-127.03139,159.29597,False,MEDIUM,Predicted ETA materially above OSRM baseline.,0.867706298828125,17.0
IND411017AAA,IND412105AAC,12.7067,13.0,13.0,12.7067,4,Carting,1,0.0007489516005311118,0.0012077294685990338,0.0007084255762468888,67,0.0007489516005311118,0.0012077294685990338,0.0007084255762468888,67,0.8660254037844386,0.5000000000000001,0,1.0,0.0,1.0,1.0,1.0,5.60928499938114e-07,0.0014168511524937776,0.0,1.0,28.932705,IND411017AAA → IND412105AAC,2.2255926865797777,-114.23097,172.09639,False,MEDIUM,Predicted ETA materially above OSRM baseline.,19.06729507446289,48.0
IND742102AAB,IND713130AAA,15.393,14.0,14.0,15.393,20,Carting,0,0.001709664504009285,0.006038647342995169,0.01634028269388693,109,0.0008319381904016044,0.0024154589371980675,0.00398104183733651,109,-0.8660254037844386,0.5000000000000001,0,1.0,0.0,1.0,1.0,1.0,1.422335193659341e-06,0.020321324531223442,0.0008777263136076807,1.0,29.423367,IND742102AAB → IND713130AAA,2.101669039045061,-113.74031,172.58705,False,MEDIUM,Predicted ETA materially above OSRM baseline.,7.423366546630859,22.0
IND474003AAA,IND476111AAA,23.1297,16.0,16.0,23.1297,1,FTL,1,0.0013742347235905462,0.008454106280193236,0.025956263025969893,12,0.0003018802679833843,0.0024154589371980675,0.002509063852006073,12,0.25881904510252074,0.9659258262890683,0,0.0,1.0,1.0,1.0,1.0,4.1485434662958617e-07,0.028465326877975965,0.001072354455607162,1.0,38.139828,IND474003AAA → IND476111AAA,2.3837392330169678,-105.02385,181.30351,False,MEDIUM,Predicted ETA materially above OSRM baseline.,9.139827728271484,29.0
IND160002AAC,IND140301AAA,22.6114,27.0,27.0,22.6114,0,FTL,3,0.010090396139992705,0.03683574879227053,0.1435142409406581,7,0.00026161795314591496,0.0018115942028985505,0.0024844741896699156,7,0.0,1.0,0,0.0,1.0,1.0,1.0,1.0,2.6398287845763326e-06,0.145998715130328,0.00982877818684679,1.0,42.996147,IND160002AAC → IND140301AAA,1.5924498946578414,-100.167534,186.15982,False,LOW,Predicted ETA materially above OSRM baseline.,2.9961471557617188,40.0
IND501359AAE,IND712311AAA,29.4341,21.0,21.0,29.4341,1,FTL,0,0.01826415241952068,0.034420289855072464,0.24473683859850032,83,0.014161863916236042,0.027777777777777776,0.21831191097956232,12,0.25881904510252074,0.9659258262890683,0,0.0,1.0,1.0,1.0,1.0,0.0002586544411106451,0.46304874957806264,0.004102288503284639,0.0,60.340736,IND501359AAE → IND712311AAA,2.873368399483817,-82.822945,203.50443,False,MEDIUM,Predicted ETA materially above OSRM baseline.,20.340736389160156,40.0
IND562132AAA,IND560083AAB,12.6116,12.0,12.0,12.6116,4,Carting,5,0.027325678537934182,0.0428743961352657,0.5073641311852639,12,0.0005832289004321978,0.0024154589371980675,0.0032608412553717086,12,0.8660254037844386,0.5000000000000001,1,1.0,0.0,1.0,1.0,1.0,1.5937125447243058e-05,0.5106249724406356,0.026742449637501983,1.0,23.966888,IND562132AAA → IND560083AAB,1.997240702311198,-119.19679,167.13057,True,HIGH,Touches high-bottleneck hub; expect elevated dwell risk. Predicted ETA materially above OSRM baseline.,5.966888427734375,18.0
IND560300AAA,IND562132AAA,13.4544,20.0,20.0,13.4544,16,Carting,1,0.0028401323663667655,0.00966183574879227,0.03611691289748769,26,0.027325678537934182,0.0428743961352657,0.5073641311852639,12,-0.8660254037844385,-0.5000000000000004,0,1.0,0.0,1.0,1.0,1.0,7.760854404852054e-05,0.5434810440827516,0.024485546171567417,0.0,29.867382,IND560300AAA → IND562132AAA,1.4933691024780273,-113.296295,173.03107,True,MEDIUM,Touches high-bottleneck hub; expect elevated dwell risk.,0.13261795043945312,30.0
IND686507AAA,IND686513AAA,12.749,9.0,9.0,12.749,0,Carting,1,0.00012633801813969765,0.0018115942028985505,0.0001875244172418235,26,0.0002075281019067705,0.0018115942028985505,0.000421579674301896,26,0.0,1.0,0,1.0,0.0,1.0,1.0,1.0,2.6218689103194595e-08,0.0006091040915437195,8.119008376707284e-05,1.0,28.502554,IND686507AAA → IND686513AAA,3.166950437757704,-114.661125,171.66623,False,MEDIUM,Predicted ETA materially above OSRM baseline.,5.502553939819336,23.0
IND501359AAE,IND506002AAA,26.743,19.0,19.0,26.743,9,FTL,2,0.01826415241952068,0.034420289855072464,0.24473683859850032,83,0.0015267280289938383,0.003623188405797101,0.01395771714792581,83,0.7071067811865476,-0.7071067811865475,0,0.0,1.0,1.0,1.0,1.0,2.7884393424697852e-05,0.25869455574642614,0.01673742439052684,1.0,36.24419,IND501359AAE → IND506002AAA,1.9075889587402344,-106.919495,179.40787,False,MEDIUM,Predicted ETA materially above OSRM baseline.,1.2441902160644531,35.0
IND560300AAA,IND560099AAB,15.0595,18.0,18.0,15.0595,19,Carting,2,0.0028401323663667655,0.00966183574879227,0.03611691289748769,26,0.004258545528897098,0.01751207729468599,0.06018801302888092,26,-0.9659258262890684,0.2588190451025203,0,1.0,0.0,1.0,1.0,1.0,1.2094832990267124e-05,0.0963049259263686,0.0014184131625303324,1.0,29.679392,IND560300AAA → IND560099AAB,1.648855103386773,-113.48429,172.84308,False,LOW,Predicted ETA materially above OSRM baseline.,6.679391860961914,23.0
IND785001AAA,IND785682AAA,32.6607,24.0,24.0,32.6607,3,FTL,1,0.0007828763430175069,0.004830917874396135,0.015964550580836293,118,0.0008019595037309399,0.0024154589371980675,0.014784244504437919,118,0.7071067811865476,0.7071067811865476,0,0.0,1.0,1.0,1.0,1.0,6.278351235290129e-07,0.030748795085274214,1.908316071343294e-05,1.0,45.699127,IND785001AAA → IND785682AAA,1.9041302998860676,-97.464554,188.86281,False,MEDIUM,Predicted ETA materially above OSRM baseline.,9.699127197265625,36.0
IND712311AAA,IND751002AAB,25.7622,18.0,18.0,25.7622,5,FTL,1,0.014161863916236042,0.027777777777777776,0.21831191097956232,12,0.008700534403360492,0.01147342995169082,0.07838240792197895,12,0.9659258262890683,0.25881904510252074,0,0.0,1.0,1.0,1.0,1.0,0.00012321578421892122,0.2966943189015413,0.00546132951287555,1.0,31.61297,IND712311AAA → IND751002AAB,1.7562761306762695,-111.55071,174.77666,False,LOW,Predicted ETA materially above OSRM baseline.,2.6129703521728516,29.0
IND600044AAE,IND600056AAB,12.7858,11.0,11.0,12.7858,1,Carting,0,0.0005669561845306255,0.0012077294685990338,0.001969006381039147,12,0.008609840295943885,0.021739130434782608,0.10264681853382264,12,0.25881904510252074,0.9659258262890683,0,1.0,0.0,1.0,1.0,1.0,4.881402203606376e-06,0.1046158249148618,0.008042884111413259,1.0,27.381178,IND600044AAE → IND600056AAB,2.489197991111062,-115.7825,170.54486,False,MEDIUM,Predicted ETA materially above OSRM baseline.,6.38117790222168,21.0
IND204215AAA,IND207001AAA,10.2418,7.0,7.0,10.2418,23,Carting,4,0.00020862735497832212,0.0012077294685990338,0.0010798467204625418,8,0.0002901100126448168,0.0012077294685990338,0.0018251020123873807,8,-0.25881904510252157,0.9659258262890681,0,1.0,0.0,1.0,1.0,1.0,6.052488459081571e-08,0.0029049487328499223,8.148265766649466e-05,1.0,18.09086,IND204215AAA → IND207001AAA,2.584408623831613,-125.07282,161.25455,False,MEDIUM,Predicted ETA materially above OSRM baseline.,19.90913963317871,38.0
IND110037AAM,IND201001AAC,10.4829,13.0,13.0,10.4829,21,Carting,0,0.010241046913380535,0.02717391304347826,0.1268978120710098,8,0.0002963353946374009,0.0024154589371980675,0.0008438598775882056,8,-0.7071067811865477,0.7071067811865474,0,1.0,0.0,1.0,1.0,1.0,3.034784678576757e-06,0.127741671948598,0.009944711518743134,1.0,27.533506,IND110037AAM → IND201001AAC,2.1179620302640476,-115.63017,170.69719,False,MEDIUM,Predicted ETA materially above OSRM baseline.,3.533506393432617,24.0
IND444005AAB,IND443301AAA,42.4545,29.0,29.0,42.4545,20,FTL,4,0.001217877625901946,0.003623188405797101,0.017339459658414286,8,0.00015941351114594435,0.0012077294685990338,0.0009143730363553819,8,-0.8660254037844386,0.5000000000000001,0,0.0,1.0,1.0,1.0,1.0,1.941461484911161e-07,0.01825383269476967,0.0010584641147560016,1.0,80.68616,IND444005AAB → IND443301AAA,2.782281283674569,-62.477524,223.84984,False,MEDIUM,Predicted ETA materially above OSRM baseline.,16.6861572265625,64.0
IND000000ACB,IND122001AAA,15.2078,15.0,15.0,15.2078,4,Carting,5,0.043583693639714496,0.056763285024154585,0.9999999983354557,12,0.000640291220829665,0.004227053140096618,0.006626738307402971,12,0.8660254037844386,0.5000000000000001,1,1.0,0.0,1.0,1.0,1.0,2.7906256408838897e-05,1.0066267366428587,0.04294340241888483,1.0,31.359999,IND000000ACB → IND122001AAA,2.090666580200195,-111.80368,174.52368,True,CRITICAL,Touches high-bottleneck hub; expect elevated dwell risk. Predicted ETA materially above OSRM baseline.,19.35999870300293,12.0
IND756100AAC,IND758034AAA,64.8765,48.0,48.0,64.8765,19,FTL,5,0.0015924084883109358,0.004227053140096618,0.012362418988887888,114,0.001126622970519892,0.0024154589371980675,0.0016215839258278096,114,-0.9659258262890684,0.2588190451025203,1,0.0,1.0,1.0,1.0,1.0,1.794043981381957e-06,0.013984002914715698,0.0004657855177910438,1.0,138.61412,IND756100AAC → IND758034AAA,2.8877941767374673,-4.5495605,281.7778,False,MEDIUM,Predicted ETA materially above OSRM baseline.,3.3858795166015625,142.0
IND591126AAA,IND591102AAA,29.1487,26.0,26.0,29.1487,13,FTL,3,0.00011276814232708725,0.0006038647342995169,3.125406954030392e-05,0,0.00020862735497832212,0.0012077294685990338,0.0010798467204625418,0,-0.2588190451025208,-0.9659258262890683,0,0.0,1.0,1.0,1.0,1.0,2.3526519259519184e-08,0.0011111007900028458,9.585921265123487e-05,1.0,47.235035,IND591126AAA → IND591102AAA,1.8167321131779597,-95.92865,190.39871,False,MEDIUM,Predicted ETA materially above OSRM baseline.,2.235034942626953,45.0
IND421302AAG,IND400015AAA,19.5165,13.0,13.0,19.5165,6,Carting,6,0.015275979067222901,0.03502415458937198,0.2748907769477942,8,0.0007307380640950161,0.0030193236714975845,0.004578480478814889,8,1.0,6.123233995736766e-17,1,1.0,0.0,1.0,1.0,1.0,1.1162739370738453e-05,0.27946925742660905,0.014545241003127886,1.0,38.2093,IND421302AAG → IND400015AAA,2.939176999605619,-104.95438,181.37299,False,MEDIUM,Predicted ETA materially above OSRM baseline.,25.790699005126953,64.0
IND121004AAB,IND121102AAA,11.2435,8.0,8.0,11.2435,0,Carting,0,0.0025897154281891554,0.00966183574879227,0.019649847800903245,8,0.0008369396345099688,0.0012077294685990338,0.002489907540044212,8,0.0,1.0,0,1.0,0.0,1.0,1.0,1.0,2.167435483953459e-06,0.022139755340947455,0.0017527757936791864,1.0,18.92909,IND121004AAB → IND121102AAA,2.366136312484741,-124.23459,162.09277,False,MEDIUM,Predicted ETA materially above OSRM baseline.,1.0709095001220703,20.0
IND632006AAA,IND635802AAB,35.518800000000006,33.0,33.0,35.518800000000006,16,FTL,2,0.0008062279055321711,0.005434782608695652,0.008325718910507249,26,0.0006917888142912509,0.003623188405797101,0.004460987802660972,21,-0.8660254037844385,-0.5000000000000004,0,0.0,1.0,1.0,1.0,1.0,5.577394468166193e-07,0.01278670671316822,0.00011443909124092023,0.0,52.537083,IND632006AAA → IND635802AAB,1.5920328082460347,-90.6266,195.70076,False,LOW,Predicted ETA materially above OSRM baseline.,23.53708267211914,29.0
IND495677AAA,IND496001AAA,29.4221,27.0,27.0,29.4221,21,FTL,3,0.00011276814232708725,0.0006038647342995169,0.00027086860268263395,81,0.00020862735497832212,0.0006038647342995169,0.00027086860268263395,81,-0.7071067811865477,0.7071067811865474,0,0.0,1.0,1.0,1.0,1.0,2.3526519259519184e-08,0.0005417372053652679,9.585921265123487e-05,1.0,48.114975,IND495677AAA → IND496001AAA,1.7820361102068867,-95.048706,191.27866,False,LOW,Predicted ETA materially above OSRM baseline.,4.8850250244140625,53.0
IND500050AAA,IND501359AAE,12.9685,9.0,9.0,12.9685,13,Carting,3,0.0006158580153975907,0.0024154589371980675,0.0036219703021152213,83,0.01826415241952068,0.034420289855072464,0.24473683859850032,83,-0.2588190451025208,-0.9659258262890683,0,1.0,0.0,1.0,1.0,1.0,1.124812466200511e-05,0.24835880890061554,0.01764829440412309,1.0,27.81768,IND500050AAA → IND501359AAE,3.0908533732096353,-115.346,170.98135,False,MEDIUM,Predicted ETA materially above OSRM baseline.,9.817680358886719,18.0
IND600056AAB,IND562132AAA,26.8863,30.0,30.0,26.8863,19,FTL,2,0.008609840295943885,0.021739130434782608,0.10264681853382264,12,0.027325678537934182,0.0428743961352657,0.5073641311852639,12,-0.9659258262890684,0.2588190451025203,0,0.0,1.0,1.0,1.0,1.0,0.0002352697281899147,0.6100109497190865,0.018715838241990298,1.0,46.84384,IND600056AAB → IND562132AAA,1.5614613850911458,-96.31984,190.00752,True,MEDIUM,Touches high-bottleneck hub; expect elevated dwell risk. Predicted ETA materially above OSRM baseline.,9.843841552734375,37.0
IND560099AAB,IND560048AAB,15.3783,22.0,22.0,15.3783,3,Carting,6,0.004258545528897098,0.01751207729468599,0.06018801302888092,26,0.0006058943781553494,0.003623188405797101,0.004479268549764292,26,0.7071067811865476,0.7071067811865476,1,1.0,0.0,1.0,1.0,1.0,2.580228795077351e-06,0.06466728157864521,0.0036526511507417483,1.0,38.59008,IND560099AAB → IND560048AAB,1.7540945573286577,-104.5736,181.75375,False,LOW,Predicted ETA materially above OSRM baseline.,20.59008026123047,18.0
IND209304AAA,IND208012AAA,10.4055,10.0,10.0,10.4055,0,Carting,1,0.011312853192402364,0.01751207729468599,0.10963897657981267,10,0.0003829623340100475,0.0012077294685990338,0.0007709337153274966,10,0.0,1.0,0,1.0,0.0,1.0,1.0,1.0,4.3323966628754265e-06,0.11040991029514016,0.010929890858392317,1.0,25.939907,IND209304AAA → IND208012AAA,2.593990707397461,-117.22377,169.10359,False,MEDIUM,Predicted ETA materially above OSRM baseline.,1.0600929260253906,27.0
IND160002AAC,IND143001AAA,27.5835,21.0,21.0,27.5835,8,FTL,4,0.010090396139992705,0.03683574879227053,0.1435142409406581,7,0.0014960785327916121,0.0024154589371980675,0.002823284281807454,7,0.8660254037844387,-0.4999999999999998,0,0.0,1.0,1.0,1.0,1.0,1.5096025052406432e-05,0.14633752522246554,0.008594317607201092,1.0,32.648033,IND160002AAC → IND143001AAA,1.554668244861421,-110.51565,175.8117,False,LOW,Predicted ETA materially above OSRM baseline.,2.3519668579101562,35.0
IND600056AAB,IND600032AAB,11.2755,11.0,11.0,11.2755,18,Carting,3,0.008609840295943885,0.021739130434782608,0.10264681853382264,12,0.0015580129385992202,0.004227053140096618,0.006859420211869845,12,-1.0,-1.8369701987210297e-16,0,1.0,0.0,1.0,1.0,1.0,1.341424258035351e-05,0.10950623874569249,0.007051827357344664,1.0,18.30009,IND600056AAB → IND600032AAB,1.6636446172540837,-124.86359,161.46378,False,LOW,Predicted ETA materially above OSRM baseline.,7.300090789794922,11.0
IND505001AAB,IND505302AAB,29.4086,28.0,28.0,29.4086,21,FTL,2,0.003062687913970859,0.01147342995169082,0.022076773460008834,82,0.000423314714862079,0.0030193236714975845,0.004535861920791334,82,-0.7071067811865477,0.7071067811865474,0,0.0,1.0,1.0,1.0,1.0,1.2964808610141098e-06,0.026612635380800168,0.0026393731991087802,1.0,45.19185,IND505001AAB → IND505302AAB,1.6139945983886719,-97.97183,188.35553,False,LOW,Predicted ETA materially above OSRM baseline.,12.191848754882812,33.0
IND144001AAC,IND160002AAC,9.4561,6.0,6.0,9.4561,15,Carting,2,0.00011276814232708725,0.0012077294685990338,0.0030524807917696826,7,0.010090396139992705,0.03683574879227053,0.1435142409406581,7,-0.7071067811865471,-0.7071067811865479,0,1.0,0.0,1.0,1.0,1.0,1.1378752280513891e-06,0.14656672173242777,0.009977627997665618,1.0,-4.1972475,IND144001AAC → IND160002AAC,-0.6995412508646647,-147.36093,138.96643,False,LOW,Within normal network operating envelope.,18.19724750518799,14.0
IND560043AAC,IND562132AAA,17.110400000000002,23.0,23.0,17.110400000000002,6,Carting,5,0.0007448621456846732,0.004227053140096618,0.006722180250422224,26,0.027325678537934182,0.0428743961352657,0.5073641311852639,12,1.0,6.123233995736766e-17,1,1.0,0.0,1.0,1.0,1.0,2.0353863548055278e-05,0.5140863114356862,0.02658081639224951,0.0,50.93592,IND560043AAC → IND562132AAA,2.214605248492697,-92.22776,194.09961,True,HIGH,Touches high-bottleneck hub; expect elevated dwell risk. Predicted ETA materially above OSRM baseline.,29.93592071533203,21.0
IND515004AAA,IND515411AAA,25.1498,17.0,17.0,25.1498,18,FTL,2,0.0020837673754845565,0.007246376811594202,0.029340472684853222,83,0.00014003621070285595,0.0012077294685990338,0.0021370517344585786,83,-1.0,-1.8369701987210297e-16,0,0.0,1.0,1.0,1.0,1.0,2.918028872490925e-07,0.0314775244193118,0.0019437311647817006,1.0,41.41446,IND515004AAA → IND515411AAA,2.436144660500919,-101.74922,184.57814,False,MEDIUM,Predicted ETA materially above OSRM baseline.,21.585540771484375,63.0
IND562132AAA,IND560058AAD,15.4882,20.0,20.0,15.4882,5,Carting,4,0.027325678537934182,0.0428743961352657,0.5073641311852639,12,0.0003520550475927791,0.0024154589371980675,0.001771063940617222,12,0.9659258262890683,0.25881904510252074,0,1.0,0.0,1.0,1.0,1.0,9.620143058177401e-06,0.5091351951258811,0.0269736234903414,1.0,41.755894,IND562132AAA → IND560058AAD,2.0877946853637694,-101.40779,184.91957,True,HIGH,Touches high-bottleneck hub; expect elevated dwell risk. Predicted ETA materially above OSRM baseline.,4.755893707275391,37.0
IND301001AAB,IND321001AAB,23.4392,21.0,21.0,23.4392,21,FTL,2,0.0013873751777620797,0.004830917874396135,0.008051813590888461,2,0.0009434482107635744,0.0018115942028985505,0.0020475245594928915,2,-0.7071067811865477,0.7071067811865474,0,0.0,1.0,1.0,1.0,1.0,1.30891662911743e-06,0.010099338150381353,0.00044392696699850534,1.0,28.865032,IND301001AAB → IND321001AAB,1.3745253426688058,-114.298645,172.02872,False,LOW,Within normal network operating envelope.,0.13496780395507812,29.0
IND560300AAA,IND562132AAA,16.587799999999998,22.0,22.0,16.587799999999998,0,Carting,5,0.0028401323663667655,0.00966183574879227,0.03611691289748769,26,0.027325678537934182,0.0428743961352657,0.5073641311852639,12,0.0,1.0,1,1.0,0.0,1.0,1.0,1.0,7.760854404852054e-05,0.5434810440827516,0.024485546171567417,0.0,46.527718,IND560300AAA → IND562132AAA,2.1148962541060015,-96.63596,189.6914,True,HIGH,Touches high-bottleneck hub; expect elevated dwell risk. Predicted ETA materially above OSRM baseline.,23.52771759033203,23.0
IND201301AAM,IND000000ACB,13.8828,13.0,13.0,13.8828,18,Carting,4,0.0005966549027279685,0.0012077294685990338,0.005313191821851666,12,0.043583693639714496,0.056763285024154585,0.9999999983354557,12,-1.0,-1.8369701987210297e-16,0,1.0,0.0,1.0,1.0,1.0,2.600442448912943e-05,1.0053131901573074,0.042987038736986526,1.0,19.878338,IND201301AAM → IND000000ACB,1.5291029123159556,-123.28534,163.04202,True,CRITICAL,Touches high-bottleneck hub; expect elevated dwell risk. Predicted ETA materially above OSRM baseline.,1.1216621398925781,21.0
IND201301AAM,IND000000ACB,14.3766,13.0,13.0,14.3766,19,Carting,5,0.0005966549027279685,0.0012077294685990338,0.005313191821851666,12,0.043583693639714496,0.056763285024154585,0.9999999983354557,12,-0.9659258262890684,0.2588190451025203,1,1.0,0.0,1.0,1.0,1.0,2.600442448912943e-05,1.0053131901573074,0.042987038736986526,1.0,22.258665,IND201301AAM → IND000000ACB,1.7122050065260668,-120.905014,165.42235,True,CRITICAL,Touches high-bottleneck hub; expect elevated dwell risk. Predicted ETA materially above OSRM baseline.,0.2586650848388672,22.0
IND000000ACT,IND000000ACB,30.5023,28.0,28.0,30.5023,20,FTL,1,0.00011276814232708725,0.0018115942028985505,0.007073837739288787,12,0.043583693639714496,0.056763285024154585,0.9999999983354557,12,-0.8660254037844386,0.5000000000000001,0,0.0,1.0,1.0,1.0,1.0,4.914852167503492e-06,1.0070738360747444,0.04347092549738741,1.0,38.612892,IND000000ACT → IND000000ACB,1.3790318625313895,-104.55079,181.77658,True,HIGH,Touches high-bottleneck hub; expect elevated dwell risk.,0.38710784912109375,39.0
IND562132AAA,IND560300AAA,12.2284,12.0,12.0,12.2284,21,Carting,0,0.027325678537934182,0.0428743961352657,0.5073641311852639,12,0.0028401323663667655,0.00966183574879227,0.03611691289748769,26,-0.7071067811865477,0.7071067811865474,0,1.0,0.0,1.0,1.0,1.0,7.760854404852054e-05,0.5434810440827516,0.024485546171567417,0.0,19.228003,IND562132AAA → IND560300AAA,1.6023335456848145,-123.93568,162.39168,True,MEDIUM,Touches high-bottleneck hub; expect elevated dwell risk. Predicted ETA materially above OSRM baseline.,0.22800254821777344,19.0
IND174103AAA,IND160002AAC,24.2251,25.0,25.0,24.2251,20,FTL,5,0.0005016243354899623,0.0030193236714975845,0.0024288495690985984,7,0.010090396139992705,0.03683574879227053,0.1435142409406581,7,-0.8660254037844386,0.5000000000000001,1,0.0,1.0,1.0,1.0,1.0,5.061588258554321e-06,0.14594309050975668,0.009588771804502742,1.0,39.16308,IND174103AAA → IND160002AAC,1.5665231323242188,-104.0006,182.32675,False,LOW,Predicted ETA materially above OSRM baseline.,7.163078308105469,32.0
IND000000ACT,IND131028AAB,10.0182,18.0,18.0,10.0182,7,Carting,2,0.00011276814232708725,0.0018115942028985505,0.007073837739288787,12,0.007439379868651916,0.024154589371980676,0.12459804015308967,12,0.9659258262890683,-0.25881904510252063,0,1.0,0.0,1.0,1.0,1.0,8.389250478534069e-07,0.13167187789237847,0.007326611726324829,1.0,27.122799,IND000000ACT → IND131028AAB,1.5068221622043185,-116.04088,170.28648,False,LOW,Predicted ETA materially above OSRM baseline.,4.877201080322266,32.0
IND125001AAA,IND125047AAB,31.9136,26.0,26.0,31.9136,21,FTL,0,0.0015388326957106215,0.009057971014492754,0.02292739093039837,12,0.00022734706528325656,0.0024154589371980675,0.0032058730883537884,15,-0.7071067811865477,0.7071067811865474,0,0.0,1.0,1.0,1.0,1.0,3.4984909733173233e-07,0.026133264018752156,0.0013114856304273649,0.0,59.478207,IND125001AAA → IND125047AAB,2.28762333209698,-83.68547,202.64189,False,MEDIUM,Predicted ETA materially above OSRM baseline.,19.478206634521484,40.0
IND560099AAB,IND560085AAA,16.2587,17.0,17.0,16.2587,3,Carting,5,0.004258545528897098,0.01751207729468599,0.06018801302888092,26,0.0004347177326549307,0.0024154589371980675,0.0018544081260580324,26,0.7071067811865476,0.7071067811865476,1,1.0,0.0,1.0,1.0,1.0,1.851265256729939e-06,0.06204242115493895,0.003823827796242167,1.0,37.90999,IND560099AAB → IND560085AAA,2.2299993178423714,-105.25369,181.07367,False,MEDIUM,Predicted ETA materially above OSRM baseline.,27.090011596679688,65.0
IND000000ACB,IND712311AAA,28.943900000000003,20.0,20.0,28.943900000000003,22,FTL,3,0.043583693639714496,0.056763285024154585,0.9999999983354557,12,0.014161863916236042,0.027777777777777776,0.21831191097956232,12,-0.5000000000000004,0.8660254037844384,0,0.0,1.0,1.0,1.0,1.0,0.000617226338292559,1.218311909315018,0.029421829723478454,1.0,45.87562,IND000000ACB → IND712311AAA,2.2937810897827147,-97.288055,189.0393,True,CRITICAL,Touches high-bottleneck hub; expect elevated dwell risk. Predicted ETA materially above OSRM baseline.,10.875621795654297,35.0
IND562132AAA,IND000000ACB,33.7094,30.0,30.0,33.7094,20,FTL,2,0.027325678537934182,0.0428743961352657,0.5073641311852639,12,0.043583693639714496,0.056763285024154585,0.9999999983354557,12,-0.8660254037844386,0.5000000000000001,0,0.0,1.0,1.0,1.0,1.0,0.001190954001894645,1.5073641295207196,0.016258015101780314,1.0,51.826263,IND562132AAA → IND000000ACB,1.7275421142578125,-91.33742,194.98994,True,CRITICAL,Touches high-bottleneck hub; expect elevated dwell risk. Predicted ETA materially above OSRM baseline.,27.826263427734375,24.0
IND507111AAA,IND507117AAB,24.558,22.0,22.0,24.558,23,FTL,0,0.00011276814232708725,0.0012077294685990338,0.00041672092720405223,83,0.0002610759345376774,0.0018115942028985505,0.0025335275886342696,83,-0.25881904510252157,0.9659258262890681,0,0.0,1.0,1.0,1.0,1.0,2.9441048144122117e-08,0.0029502485158383216,0.00014830779221059013,1.0,32.923695,IND507111AAA → IND507117AAB,1.4965315732088955,-110.23999,176.08737,False,LOW,Within normal network operating envelope.,3.923694610595703,29.0
IND403726AAB,IND403507AAB,13.1458,17.0,17.0,13.1458,23,Carting,1,0.002068605914514661,0.006038647342995169,0.000783080583072106,64,0.00023685234079619223,0.0012077294685990338,5.209011590050653e-05,64,-0.25881904510252157,0.9659258262890681,0,1.0,0.0,1.0,1.0,1.0,4.899541530376453e-07,0.0008351706989726125,0.0018317535737184688,1.0,41.28085,IND403726AAB → IND403507AAB,2.4282852621639477,-101.88283,184.44453,False,MEDIUM,Predicted ETA materially above OSRM baseline.,27.28084945678711,14.0
IND673592AAA,IND562132AAA,29.0716,33.0,33.0,29.0716,19,FTL,6,0.0004331470596654404,0.0030193236714975845,0.003977397777013127,12,0.027325678537934182,0.0428743961352657,0.5073641311852639,12,-0.9659258262890684,0.2588190451025203,1,0.0,1.0,1.0,1.0,1.0,1.1836037312069221e-05,0.511341528962277,0.02689253147826874,1.0,45.002407,IND673592AAA → IND562132AAA,1.3637093052719578,-98.16127,188.16609,True,LOW,Touches high-bottleneck hub; expect elevated dwell risk.,2.0024070739746094,43.0
IND560300AAA,IND562132AAA,12.2338,16.0,16.0,12.2338,15,Carting,2,0.0028401323663667655,0.00966183574879227,0.03611691289748769,26,0.027325678537934182,0.0428743961352657,0.5073641311852639,12,-0.7071067811865471,-0.7071067811865479,0,1.0,0.0,1.0,1.0,1.0,7.760854404852054e-05,0.5434810440827516,0.024485546171567417,0.0,28.347454,IND560300AAA → IND562132AAA,1.7717158794403076,-114.81622,171.51114,True,MEDIUM,Touches high-bottleneck hub; expect elevated dwell risk. Predicted ETA materially above OSRM baseline.,6.347454071044922,22.0
IND501359AAE,IND523002AAA,26.0355,22.0,22.0,26.0355,23,FTL,3,0.01826415241952068,0.034420289855072464,0.24473683859850032,83,0.0018472804764781297,0.005434782608695652,0.013974066309214866,83,-0.25881904510252157,0.9659258262890681,0,0.0,1.0,1.0,1.0,1.0,3.373901218400135e-05,0.2587109049077152,0.01641687194304255,1.0,31.262936,IND501359AAE → IND523002AAA,1.4210425290194424,-111.90074,174.42662,False,LOW,Within normal network operating envelope.,2.7370643615722656,34.0
IND733129AAA,IND732103AAB,11.7323,8.0,8.0,11.7323,22,Carting,3,0.0010027965001857533,0.0012077294685990338,0.0003755629922736941,110,0.002107371427555803,0.004227053140096618,0.006891630816183598,110,-0.5000000000000004,0.8660254037844384,0,1.0,0.0,1.0,1.0,1.0,2.113264692144414e-06,0.007267193808457292,0.0011045749273700498,1.0,54.072605,IND733129AAA → IND732103AAB,6.75907564163208,-89.09108,197.23628,False,MEDIUM,Predicted ETA materially above OSRM baseline.,32.07260513305664,22.0
IND131028AAB,IND244001AAA,26.9502,24.0,24.0,26.9502,2,FTL,4,0.007439379868651916,0.024154589371980676,0.12459804015308967,12,0.0006872302974434869,0.0012077294685990338,0.008263506698273578,12,0.49999999999999994,0.8660254037844387,0,0.0,1.0,1.0,1.0,1.0,5.112567239928745e-06,0.13286154685136325,0.006752149571208429,1.0,39.84183,IND131028AAB → IND244001AAA,1.6600763003031414,-103.32185,183.00551,False,LOW,Predicted ETA materially above OSRM baseline.,2.8418312072753906,37.0
IND000000ACA,IND144001AAB,26.1011,20.0,20.0,26.1011,16,FTL,2,0.0035439445755794485,0.013285024154589372,0.029408227803113758,7,0.0027270953871660303,0.006038647342995169,0.01056448876310714,7,-0.8660254037844385,-0.5000000000000004,0,0.0,1.0,1.0,1.0,1.0,9.66467490443479e-06,0.039972716566220895,0.0008168491884134182,1.0,28.987139,IND000000ACA → IND144001AAB,1.4493569374084472,-114.176544,172.15082,False,LOW,Within normal network operating envelope.,0.9871387481689453,28.0
IND424006AAA,IND424101AAA,9.327,7.0,7.0,9.327,0,Carting,3,0.0007229559578887601,0.009057971014492754,0.008476992369720687,8,0.00025032994831980683,0.0012077294685990338,0.000558228662417674,8,0.0,1.0,0,1.0,0.0,1.0,1.0,1.0,1.8097752757578976e-07,0.009035221032138361,0.0004726260095689533,1.0,17.592653,IND424006AAA → IND424101AAA,2.5132361820765903,-125.57103,160.75633,False,MEDIUM,Predicted ETA materially above OSRM baseline.,7.592653274536133,10.0
IND160002AAC,IND144001AAB,26.0269,18.0,18.0,26.0269,11,FTL,2,0.010090396139992705,0.03683574879227053,0.1435142409406581,7,0.0027270953871660303,0.006038647342995169,0.01056448876310714,7,0.258819045102521,-0.9659258262890682,0,0.0,1.0,1.0,1.0,1.0,2.7517472768052023e-05,0.15407872970376524,0.007363300752826674,1.0,35.718937,IND160002AAC → IND144001AAB,1.9843853844536676,-107.44475,178.88261,False,MEDIUM,Predicted ETA materially above OSRM baseline.,2.7189369201660156,33.0
IND560099AAB,IND560300AAA,24.9896,26.0,26.0,24.9896,9,Carting,4,0.004258545528897098,0.01751207729468599,0.06018801302888092,26,0.0028401323663667655,0.00966183574879227,0.03611691289748769,26,0.7071067811865476,-0.7071067811865475,0,1.0,0.0,1.0,1.0,1.0,1.2094832990267124e-05,0.0963049259263686,0.0014184131625303324,1.0,49.849926,IND560099AAB → IND560300AAA,1.9173048459566557,-93.31375,193.01361,False,MEDIUM,Predicted ETA materially above OSRM baseline.,19.849925994873047,30.0
IND503111AAC,IND503185AAA,29.233,22.0,22.0,29.233,23,FTL,3,0.0008914091105547121,0.003623188405797101,0.019129169274651463,83,0.0004340208072480358,0.0012077294685990338,0.003705938200998651,83,-0.25881904510252157,0.9659258262890681,0,0.0,1.0,1.0,1.0,1.0,3.8689010175120974e-07,0.022835107475650113,0.0004573883033066763,1.0,40.12593,IND503111AAC → IND503185AAA,1.8239059448242188,-103.03775,183.28961,False,MEDIUM,Predicted ETA materially above OSRM baseline.,7.1259307861328125,33.0
IND344001AAA,IND342301AAA,24.8616,18.0,18.0,24.8616,3,FTL,4,0.00030543593537899535,0.0024154589371980675,0.004087760998339017,11,0.0005665272135965785,0.0030193236714975845,0.004087246840548969,11,0.7071067811865476,0.7071067811865476,0,0.0,1.0,1.0,1.0,1.0,1.7303776940252684e-07,0.008175007838887985,0.00026109127821758317,1.0,30.485483,IND344001AAA → IND342301AAA,1.6936379538642035,-112.6782,173.64917,False,LOW,Predicted ETA materially above OSRM baseline.,4.485483169555664,26.0
IND627005AAA,IND627117AAA,26.9472,20.0,20.0,26.9472,22,FTL,4,0.0011483142545066932,0.004227053140096618,0.002755637838837452,99,0.0002665226352683355,0.0012077294685990338,0.0004528337438421999,99,-0.5000000000000004,0.8660254037844384,0,0.0,1.0,1.0,1.0,1.0,3.0605174122731795e-07,0.003208471582679652,0.0008817916192383577,1.0,34.741444,IND627005AAA → IND627117AAA,1.7370721817016601,-108.42224,177.90512,False,LOW,Predicted ETA materially above OSRM baseline.,2.741443634033203,32.0
IND302014AAB,IND302026AAA,13.2572,13.0,13.0,13.2572,23,Carting,3,0.003138486073427798,0.012681159420289854,0.006381627337313831,49,0.0003866237846044756,0.0012077294685990338,0.00042713895038415357,49,-0.25881904510252157,0.9659258262890681,0,1.0,0.0,1.0,1.0,1.0,1.2134133636370952e-06,0.006808766287697985,0.0027518622888233223,1.0,25.798288,IND302014AAB → IND302026AAA,1.9844837188720703,-117.365395,168.96198,False,MEDIUM,Predicted ETA materially above OSRM baseline.,3.798288345336914,22.0
IND560300AAB,IND563130AAA,10.0335,9.0,9.0,10.0335,23,Carting,4,0.0009368510781482995,0.004227053140096618,0.004060134619066706,26,0.00037844018891473267,0.0018115942028985505,0.004843637054693712,26,-0.25881904510252157,0.9659258262890681,0,1.0,0.0,1.0,1.0,1.0,3.5454209899941347e-07,0.008903771673760417,0.0005584108892335668,1.0,18.242853,IND560300AAB → IND563130AAA,2.0269836849636502,-124.92083,161.40654,False,MEDIUM,Predicted ETA materially above OSRM baseline.,4.242853164672852,14.0
IND382430AAB,IND000000ACB,34.239,31.0,31.0,34.239,11,FTL,4,0.004981881017124824,0.018115942028985508,0.08737990603767548,11,0.043583693639714496,0.056763285024154585,0.9999999983354557,12,0.258819045102521,-0.9659258262890682,0,0.0,1.0,1.0,1.0,1.0,0.00021712877599987755,1.0873799043731311,0.038601812622589673,0.0,43.533283,IND382430AAB → IND000000ACB,1.4042994591497606,-99.6304,186.69696,True,CRITICAL,Touches high-bottleneck hub; expect elevated dwell risk.,7.533283233642578,36.0
IND445101AAA,IND440014AAA,13.1835,9.0,9.0,13.1835,7,Carting,3,0.00011276814232708725,0.0006038647342995169,2.083604636020261e-05,74,0.00020862735497832212,0.0006038647342995169,2.083604636020261e-05,74,0.9659258262890683,-0.25881904510252063,0,1.0,0.0,1.0,1.0,1.0,2.3526519259519184e-08,4.167209272040522e-05,9.585921265123487e-05,1.0,34.026176,IND445101AAA → IND440014AAA,3.780686272515191,-109.137505,177.18985,False,MEDIUM,Predicted ETA materially above OSRM baseline.,12.026176452636719,22.0
IND209101AAA,IND209111AAA,24.375400000000003,17.0,17.0,24.375400000000003,22,FTL,1,0.00022213245800828545,0.0012077294685990338,0.003132946926093079,10,0.00030159966053134424,0.0012077294685990338,0.0035251877466135457,10,-0.5000000000000004,0.8660254037844384,0,0.0,1.0,1.0,1.0,1.0,6.699507392829197e-08,0.006658134672706624,7.946720252305879e-05,1.0,38.070763,IND209101AAA → IND209111AAA,2.239456625545726,-105.09292,181.23444,False,MEDIUM,Predicted ETA materially above OSRM baseline.,13.070762634277344,25.0
IND160002AAC,IND000000ACB,22.4114,24.0,24.0,22.4114,9,FTL,0,0.010090396139992705,0.03683574879227053,0.1435142409406581,7,0.043583693639714496,0.056763285024154585,0.9999999983354557,12,0.7071067811865476,-0.7071067811865475,0,0.0,1.0,1.0,1.0,1.0,0.00043977673406879974,1.1435142392761137,0.03349329749972179,0.0,62.451344,IND160002AAC → IND000000ACB,2.6021393140157065,-80.71234,205.61502,True,CRITICAL,Touches high-bottleneck hub; expect elevated dwell risk. Predicted ETA materially above OSRM baseline.,0.5486564636230469,63.0
IND421302AAN,IND400072AAB,12.6218,11.0,11.0,12.6218,6,Carting,6,0.00011276814232708725,0.0006038647342995169,0.00046881104310455874,8,0.001761572637755638,0.013285024154589372,0.022310914226844832,8,1.0,6.123233995736766e-17,1,1.0,0.0,1.0,1.0,1.0,1.986492739339303e-07,0.02277972526994939,0.0016488044954285509,1.0,29.521395,IND421302AAN → IND400072AAB,2.6837631572376597,-113.64229,172.68507,False,MEDIUM,Predicted ETA materially above OSRM baseline.,11.521394729614258,18.0
IND000000ACB,IND834002AAB,31.3748,22.0,22.0,31.3748,23,FTL,0,0.043583693639714496,0.056763285024154585,0.9999999983354557,12,0.003247399803026115,0.007246376811594202,0.040746631092859156,128,-0.25881904510252157,0.9659258262890681,0,0.0,1.0,1.0,1.0,1.0,0.0001415336781407594,1.040746629428315,0.04033629383668838,0.0,57.93942,IND000000ACB → IND834002AAB,2.6336099451238457,-85.22426,201.1031,True,CRITICAL,Touches high-bottleneck hub; expect elevated dwell risk. Predicted ETA materially above OSRM baseline.,0.9394187927246094,57.0
IND854326AAB,IND854105AAB,24.8951,17.0,17.0,24.8951,21,FTL,2,0.002483272410580588,0.00966183574879227,0.04665697027858951,12,0.0001568995322222648,0.0018115942028985505,0.0019353556780606987,131,-0.7071067811865477,0.7071067811865474,0,0.0,1.0,1.0,1.0,1.0,3.8962427960055015e-07,0.04859232595665021,0.0023263728783583233,0.0,42.508247,IND854326AAB → IND854105AAB,2.5004851397346046,-100.65543,185.67194,False,MEDIUM,Predicted ETA materially above OSRM baseline.,8.508247375488281,34.0
IND600056AAB,IND600110AAA,14.3712,13.0,13.0,14.3712,10,Carting,4,0.008609840295943885,0.021739130434782608,0.10264681853382264,12,0.0006066425183154005,0.0018115942028985505,0.0022901594395159843,12,0.49999999999999994,-0.8660254037844387,0,1.0,0.0,1.0,1.0,1.0,5.223095199424811e-06,0.10493697797333862,0.008003197777628484,1.0,24.643185,IND600056AAB → IND600110AAA,1.8956295893742487,-118.52049,167.80687,False,MEDIUM,Predicted ETA materially above OSRM baseline.,0.3568153381347656,25.0
IND312001AAA,IND312601AAA,39.6599,46.0,46.0,39.6599,0,FTL,4,0.0008263387059888285,0.0024154589371980675,0.006856777642112964,11,0.000278037095531832,0.0012077294685990338,0.0015781061730011019,11,0.0,1.0,0,0.0,1.0,1.0,1.0,1.0,2.2975281373866632e-07,0.008434883815114065,0.0005483016104569965,1.0,68.249306,IND312001AAA → IND312601AAA,1.4836805592412534,-74.914375,211.413,False,LOW,Within normal network operating envelope.,4.249305725097656,64.0
IND122001AAA,IND000000ACB,13.651,13.0,13.0,13.651,19,Carting,4,0.000640291220829665,0.004227053140096618,0.006626738307402971,12,0.043583693639714496,0.056763285024154585,0.9999999983354557,12,-0.9659258262890684,0.2588190451025203,0,1.0,0.0,1.0,1.0,1.0,2.7906256408838897e-05,1.0066267366428587,0.04294340241888483,1.0,22.571512,IND122001AAA → IND000000ACB,1.7362701709453876,-120.59217,165.7352,True,CRITICAL,Touches high-bottleneck hub; expect elevated dwell risk. Predicted ETA materially above OSRM baseline.,19.42848777770996,42.0
IND521225AAB,IND521201AAA,24.59,26.0,26.0,24.59,21,FTL,2,0.003661440956086341,0.00966183574879227,0.034874450514481035,83,0.0005358296152483557,0.0012077294685990338,0.002480846499401922,83,-0.7071067811865477,0.7071067811865474,0,0.0,1.0,1.0,1.0,1.0,1.9619084987543154e-06,0.03735529701388296,0.0031256113408379854,1.0,37.960026,IND521225AAB → IND521201AAA,1.460000991821289,-105.20366,181.1237,False,LOW,Within normal network operating envelope.,10.039974212646484,48.0
IND560099AAB,IND560300AAA,11.9485,12.0,12.0,11.9485,17,Carting,5,0.004258545528897098,0.01751207729468599,0.06018801302888092,26,0.0028401323663667655,0.00966183574879227,0.03611691289748769,26,-0.9659258262890683,-0.25881904510252063,1,1.0,0.0,1.0,1.0,1.0,1.2094832990267124e-05,0.0963049259263686,0.0014184131625303324,1.0,14.302663,IND560099AAB → IND560300AAA,1.1918885707855225,-128.86102,157.46634,False,LOW,Within normal network operating envelope.,6.6973371505737305,21.0
IND110044AAB,IND000000ACB,11.8583,11.0,11.0,11.8583,16,Carting,2,0.0002729312637147161,0.004830917874396135,0.012981421030724478,12,0.043583693639714496,0.056763285024154585,0.9999999983354557,12,-0.8660254037844385,-0.5000000000000004,0,1.0,0.0,1.0,1.0,1.0,1.1895352582442313e-05,1.0129814193661801,0.04331076237599978,1.0,14.310408,IND110044AAB → IND000000ACB,1.3009461489590732,-128.85327,157.47409,True,HIGH,Touches high-bottleneck hub; expect elevated dwell risk.,2.3104076385498047,12.0
IND834002AAB,IND827013AAA,12.7472,8.0,8.0,12.7472,16,Carting,2,0.003247399803026115,0.007246376811594202,0.040746631092859156,128,0.0006811602161366167,0.0018115942028985505,0.003293435937394434,128,-0.8660254037844385,-0.5000000000000004,0,1.0,0.0,1.0,1.0,1.0,2.211999551711275e-06,0.044040067030253593,0.0025662395868894985,1.0,35.284992,IND834002AAB → IND827013AAA,4.410624027252197,-107.87869,178.44867,False,MEDIUM,Predicted ETA materially above OSRM baseline.,18.284992218017578,17.0
IND462022AAA,IND462011AAA,13.7698,12.0,12.0,13.7698,6,Carting,0,0.007704340800143653,0.013285024154589372,0.17678753014124907,12,0.00025555130069016127,0.0012077294685990338,0.00046881104310455874,12,1.0,6.123233995736766e-17,0,1.0,0.0,1.0,1.0,1.0,1.9688543124369883e-06,0.17725634118435363,0.0074487894994534915,1.0,37.351864,IND462022AAA → IND462011AAA,3.1126553217569985,-105.81181,180.51555,False,MEDIUM,Predicted ETA materially above OSRM baseline.,13.351863861083984,24.0
IND560099AAB,IND560300AAA,24.9387,25.0,25.0,24.9387,15,Carting,2,0.004258545528897098,0.01751207729468599,0.06018801302888092,26,0.0028401323663667655,0.00966183574879227,0.03611691289748769,26,-0.7071067811865471,-0.7071067811865479,0,1.0,0.0,1.0,1.0,1.0,1.2094832990267124e-05,0.0963049259263686,0.0014184131625303324,1.0,43.842075,IND560099AAB → IND560300AAA,1.7536830139160156,-99.32161,187.00575,False,LOW,Predicted ETA materially above OSRM baseline.,20.84207534790039,23.0
IND421302AAG,IND501359AAE,29.5306,20.0,20.0,29.5306,15,FTL,4,0.015275979067222901,0.03502415458937198,0.2748907769477942,8,0.01826415241952068,0.034420289855072464,0.24473683859850032,83,-0.7071067811865471,-0.7071067811865479,0,0.0,1.0,1.0,1.0,1.0,0.00027900281004116645,0.5196276155462944,0.0029881733522977797,0.0,34.830475,IND421302AAG → IND501359AAE,1.7415237426757812,-108.333206,177.99416,False,LOW,Predicted ETA materially above OSRM baseline.,0.169525146484375,35.0
IND560099AAB,IND560058AAB,11.4527,13.0,13.0,11.4527,20,Carting,0,0.004258545528897098,0.01751207729468599,0.06018801302888092,26,0.0006627681880262177,0.003623188405797101,0.004917306941007817,26,-0.8660254037844386,0.5000000000000001,0,1.0,0.0,1.0,1.0,1.0,2.8224285038142807e-06,0.06510531996988873,0.0035957773408708802,1.0,17.42134,IND560099AAB → IND560058AAB,1.3401031494140625,-125.74234,160.58502,False,LOW,Within normal network operating envelope.,1.4213409423828125,16.0
IND302014AAB,IND302020AAA,13.1531,11.0,11.0,13.1531,6,Carting,4,0.003138486073427798,0.012681159420289854,0.006381627337313831,49,0.0003433834200343616,0.0012077294685990338,0.0005834092980856731,49,1.0,6.123233995736766e-17,0,1.0,0.0,1.0,1.0,1.0,1.0777040816238518e-06,0.006965036635399505,0.0027951026533934364,1.0,27.079033,IND302014AAB → IND302020AAA,2.461730263449929,-116.08465,170.2427,False,MEDIUM,Predicted ETA materially above OSRM baseline.,5.079032897949219,22.0
IND000000ACB,IND110024AAA,17.2263,17.0,17.0,17.2263,14,Carting,2,0.043583693639714496,0.056763285024154585,0.9999999983354557,12,0.0014099729970970924,0.0024154589371980675,0.0016240132993767314,8,-0.4999999999999997,-0.8660254037844388,0,1.0,0.0,1.0,1.0,1.0,6.145183114574974e-05,1.0016240116348325,0.0421737206426174,0.0,34.94075,IND000000ACB → IND110024AAA,2.055338242474724,-108.22293,178.10443,True,CRITICAL,Touches high-bottleneck hub; expect elevated dwell risk. Predicted ETA materially above OSRM baseline.,8.940750122070312,26.0
IND842001AAA,IND848114AAA,23.9152,16.0,16.0,23.9152,23,FTL,3,0.005042988297661629,0.016304347826086956,0.06098128080301983,24,0.0005108918566905637,0.0012077294685990338,0.002856502677272799,24,-0.25881904510252157,0.9659258262890681,0,0.0,1.0,1.0,1.0,1.0,2.5764216546611346e-06,0.06383778348029263,0.004532096440971065,1.0,36.493626,IND842001AAA → IND848114AAA,2.2808516025543213,-106.67006,179.6573,False,MEDIUM,Predicted ETA materially above OSRM baseline.,6.493625640869141,30.0
IND620020AAA,IND621112AAA,9.9436,8.0,8.0,9.9436,22,Carting,1,0.00011276814232708725,0.0006038647342995169,0.000510483135824964,97,0.00020862735497832212,0.0012077294685990338,0.0005215085023922957,97,-0.5000000000000004,0.8660254037844384,0,1.0,0.0,1.0,1.0,1.0,2.3526519259519184e-08,0.0010319916382172598,9.585921265123487e-05,1.0,14.014469,IND620020AAA → IND621112AAA,1.7518086433410645,-129.14922,157.17815,False,LOW,Predicted ETA materially above OSRM baseline.,1.9855308532714844,16.0
IND811399AAA,IND110044AAB,12.5042,15.0,15.0,12.5042,16,Carting,5,0.0002042013260709593,0.0018115942028985505,0.0033693824465359074,10,0.0002729312637147161,0.004830917874396135,0.012981421030724478,12,-0.8660254037844385,-0.5000000000000004,1,1.0,0.0,1.0,1.0,1.0,5.573292597676772e-08,0.016350803477260385,6.872993764375681e-05,0.0,43.659576,IND811399AAA → IND110044AAB,2.910638427734375,-99.504105,186.82326,False,MEDIUM,Predicted ETA materially above OSRM baseline.,36.340423583984375,80.0
IND431603AAA,IND431708AAA,24.6655,17.0,17.0,24.6655,0,FTL,6,0.0016318356519742997,0.004830917874396135,0.011967420127860784,83,0.0005544735349487627,0.0012077294685990338,0.005981850066178821,83,0.0,1.0,1,0.0,1.0,1.0,1.0,1.0,9.048096824056088e-07,0.017949270194039604,0.001077362117025537,1.0,32.429974,IND431603AAA → IND431708AAA,1.9076455060173483,-110.7337,175.59366,False,MEDIUM,Predicted ETA materially above OSRM baseline.,1.4299736022949219,31.0
IND813102AAA,IND812002AAA,26.2696,24.0,24.0,26.2696,23,FTL,3,0.00011276814232708725,0.0012077294685990338,0.000375048834483647,127,0.00020085498638497875,0.0012077294685990338,0.0007194509428142205,127,-0.25881904510252157,0.9659258262890681,0,0.0,1.0,1.0,1.0,1.0,2.2650043691766456e-08,0.0010944997772978676,8.80868440578915e-05,1.0,49.249725,IND813102AAA → IND812002AAA,2.0520718892415366,-93.913956,192.4134,False,MEDIUM,Predicted ETA materially above OSRM baseline.,1.249725341796875,48.0
IND804420AAA,IND803101AAA,23.3332,16.0,16.0,23.3332,16,FTL,2,0.00020862735497832212,0.0012077294685990338,0.0003983142543927715,124,0.0002901100126448168,0.0012077294685990338,0.000524545219328448,124,-0.8660254037844385,-0.5000000000000004,0,0.0,1.0,1.0,1.0,1.0,6.052488459081571e-08,0.0009228594737212195,8.148265766649466e-05,1.0,44.131687,IND804420AAA → IND803101AAA,2.758230447769165,-99.032,187.29536,False,MEDIUM,Predicted ETA materially above OSRM baseline.,12.13168716430664,32.0
IND521225AAB,IND521301AAA,23.1982,25.0,25.0,23.1982,19,FTL,5,0.003661440956086341,0.00966183574879227,0.034874450514481035,83,0.0004955380463987111,0.0012077294685990338,0.0021198433783663696,83,-0.9659258262890684,0.2588190451025203,1,0.0,1.0,1.0,1.0,1.0,1.8143832983832542e-06,0.036994293892847405,0.00316590290968763,1.0,35.951904,IND521225AAB → IND521301AAA,1.438076171875,-107.21178,179.11559,False,LOW,Within normal network operating envelope.,2.951904296875,33.0
IND713205AAB,IND712311AAA,27.3566,19.0,19.0,27.3566,11,FTL,2,0.0019447097483337465,0.010869565217391304,0.028757594794975014,108,0.014161863916236042,0.027777777777777776,0.21831191097956232,12,0.258819045102521,-0.9659258262890682,0,0.0,1.0,1.0,1.0,1.0,2.754071481248016e-05,0.24706950577453735,0.012217154167902295,0.0,65.11589,IND713205AAB → IND712311AAA,3.4271521317331413,-78.04779,208.27957,False,MEDIUM,Predicted ETA materially above OSRM baseline.,30.115890502929688,35.0
IND000000ACB,IND131028AAB,17.4512,22.0,22.0,17.4512,18,Carting,1,0.043583693639714496,0.056763285024154585,0.9999999983354557,12,0.007439379868651916,0.024154589371980676,0.12459804015308967,12,-1.0,-1.8369701987210297e-16,0,1.0,0.0,1.0,1.0,1.0,0.00032423565306478457,1.1245980384885454,0.03614431377106258,1.0,29.627495,IND000000ACB → IND131028AAB,1.3467043096368962,-113.53619,172.79117,True,HIGH,Touches high-bottleneck hub; expect elevated dwell risk.,3.6274948120117188,26.0
IND474003AAA,IND000000ACB,26.5449,25.0,25.0,26.5449,17,FTL,0,0.0013742347235905462,0.008454106280193236,0.025956263025969893,12,0.043583693639714496,0.056763285024154585,0.9999999983354557,12,-0.9659258262890683,-0.25881904510252063,0,0.0,1.0,1.0,1.0,1.0,5.98942251820281e-05,1.0259562613614257,0.04220945891612395,1.0,34.36439,IND474003AAA → IND000000ACB,1.374575653076172,-108.799286,177.52808,True,HIGH,Touches high-bottleneck hub; expect elevated dwell risk.,2.364391326904297,32.0
IND000000ACB,IND110064AAA,13.9912,18.0,18.0,13.9912,15,Carting,5,0.043583693639714496,0.056763285024154585,0.9999999983354557,12,0.0005767116352287111,0.0030193236714975845,0.006695177584592535,12,-0.7071067811865471,-0.7071067811865479,1,1.0,0.0,1.0,1.0,1.0,2.5135223228266925e-05,1.0066951759200482,0.043006982004485786,1.0,23.808798,IND000000ACB → IND110064AAA,1.3227109909057617,-119.35488,166.97247,True,HIGH,Touches high-bottleneck hub; expect elevated dwell risk.,0.8087978363037109,23.0
IND811399AAA,IND110044AAB,13.8264,16.0,16.0,13.8264,13,Carting,5,0.0002042013260709593,0.0018115942028985505,0.0033693824465359074,10,0.0002729312637147161,0.004830917874396135,0.012981421030724478,12,-0.2588190451025208,-0.9659258262890683,1,1.0,0.0,1.0,1.0,1.0,5.573292597676772e-08,0.016350803477260385,6.872993764375681e-05,0.0,67.15072,IND811399AAA → IND110044AAB,4.196919918060303,-76.01296,210.31439,False,MEDIUM,Predicted ETA materially above OSRM baseline.,109.84928131103516,177.0
IND562132AAA,IND302014AAA,31.2877,22.0,22.0,31.2877,19,FTL,2,0.027325678537934182,0.0428743961352657,0.5073641311852639,12,0.005409047163822674,0.010869565217391304,0.09896163502378139,12,-0.9659258262890684,0.2588190451025203,0,0.0,1.0,1.0,1.0,1.0,0.00014780588399514302,0.6063257662090453,0.021916631374111508,1.0,35.8614,IND562132AAA → IND302014AAA,1.6300636638294568,-107.30228,179.02509,True,MEDIUM,Touches high-bottleneck hub; expect elevated dwell risk. Predicted ETA materially above OSRM baseline.,0.13859939575195312,36.0
IND131028AAB,IND160002AAC,30.3621,21.0,21.0,30.3621,5,FTL,4,0.007439379868651916,0.024154589371980676,0.12459804015308967,12,0.010090396139992705,0.03683574879227053,0.1435142409406581,7,0.9659258262890683,0.25881904510252074,0,0.0,1.0,1.0,1.0,1.0,7.506628991058473e-05,0.26811228109374774,0.0026510162713407883,0.0,37.67696,IND131028AAB → IND160002AAC,1.7941409519740514,-105.486725,180.84064,False,LOW,Predicted ETA materially above OSRM baseline.,7.676959991455078,30.0
IND562132AAA,IND560099AAB,25.6356,24.0,24.0,25.6356,22,FTL,2,0.027325678537934182,0.0428743961352657,0.5073641311852639,12,0.004258545528897098,0.01751207729468599,0.06018801302888092,26,-0.5000000000000004,0.8660254037844384,0,0.0,1.0,1.0,1.0,1.0,0.000116367646161799,0.5675521442141448,0.023067133009037084,0.0,34.894596,IND562132AAA → IND560099AAB,1.4539415041605632,-108.26909,178.05827,True,MEDIUM,Touches high-bottleneck hub; expect elevated dwell risk.,5.105403900146484,40.0
IND712311AAA,IND700026AAC,12.9122,17.0,17.0,12.9122,22,Carting,6,0.014161863916236042,0.027777777777777776,0.21831191097956232,12,0.0005331750123378118,0.0024154589371980675,0.0010418023180101305,12,-0.5000000000000004,0.8660254037844384,1,1.0,0.0,1.0,1.0,1.0,7.550751968265563e-06,0.21935371329757244,0.01362868890389823,1.0,43.83018,IND712311AAA → IND700026AAC,2.578245948342716,-99.333496,186.99387,False,MEDIUM,Predicted ETA materially above OSRM baseline.,14.830181121826172,29.0
IND312403AAA,IND312001AAA,24.7553,20.0,20.0,24.7553,0,FTL,4,0.0004097734856040405,0.0012077294685990338,0.0017583424695961597,11,0.0008263387059888285,0.0024154589371980675,0.006856777642112964,11,0.0,1.0,0,0.0,1.0,1.0,1.0,1.0,3.386116918425747e-07,0.008615120111709123,0.00041656522038478804,1.0,36.757317,IND312403AAA → IND312001AAA,1.8378658294677734,-106.406364,179.92099,False,MEDIUM,Predicted ETA materially above OSRM baseline.,23.24268341064453,60.0
IND600044AAE,IND600056AAB,12.5018,11.0,11.0,12.5018,2,Carting,2,0.0005669561845306255,0.0012077294685990338,0.001969006381039147,12,0.008609840295943885,0.021739130434782608,0.10264681853382264,12,0.49999999999999994,0.8660254037844387,0,1.0,0.0,1.0,1.0,1.0,4.881402203606376e-06,0.1046158249148618,0.008042884111413259,1.0,26.099848,IND600044AAE → IND600056AAB,2.3727134357799184,-117.063835,169.26353,False,MEDIUM,Predicted ETA materially above OSRM baseline.,11.099847793579102,15.0
IND560099AAB,IND560300AAA,14.0114,14.0,14.0,14.0114,15,Carting,2,0.004258545528897098,0.01751207729468599,0.06018801302888092,26,0.0028401323663667655,0.00966183574879227,0.03611691289748769,26,-0.7071067811865471,-0.7071067811865479,0,1.0,0.0,1.0,1.0,1.0,1.2094832990267124e-05,0.0963049259263686,0.0014184131625303324,1.0,20.588026,IND560099AAB → IND560300AAA,1.4705732890537806,-122.57565,163.75171,False,LOW,Within normal network operating envelope.,3.4119739532470703,24.0
IND110044AAB,IND000000ACB,11.1676,10.0,10.0,11.1676,15,Carting,5,0.0002729312637147161,0.004830917874396135,0.012981421030724478,12,0.043583693639714496,0.056763285024154585,0.9999999983354557,12,-0.7071067811865471,-0.7071067811865479,1,1.0,0.0,1.0,1.0,1.0,1.1895352582442313e-05,1.0129814193661801,0.04331076237599978,1.0,10.396838,IND110044AAB → IND000000ACB,1.0396838188171387,-132.76685,153.56052,True,HIGH,Touches high-bottleneck hub; expect elevated dwell risk.,3.6031618118286133,14.0
IND395023AAD,IND395006AAA,14.9155,13.0,13.0,14.9155,0,Carting,2,0.0019894509995518617,0.006038647342995169,0.0019050039983925279,60,0.0007264241108024122,0.0012077294685990338,0.000375048834483647,60,0.0,1.0,0,1.0,0.0,1.0,1.0,1.0,1.4451851733344313e-06,0.002280052832876175,0.0012630268887494495,1.0,25.530205,IND395023AAD → IND395006AAA,1.9638619056114783,-117.63348,168.69388,False,MEDIUM,Predicted ETA materially above OSRM baseline.,5.469795227050781,31.0
IND842001AAA,IND846004AAA,27.9957,21.0,21.0,27.9957,23,FTL,6,0.005042988297661629,0.016304347826086956,0.06098128080301983,24,0.0005507042281269114,0.0018115942028985505,0.002453220120129612,24,-0.25881904510252157,0.9659258262890681,1,0.0,1.0,1.0,1.0,1.0,2.7771949779167943e-06,0.06343450092314944,0.004492284069534717,1.0,42.695637,IND842001AAA → IND846004AAA,2.033125559488932,-100.46805,185.85931,False,MEDIUM,Predicted ETA materially above OSRM baseline.,1.3043632507324219,44.0
IND421302AAG,IND401104AAA,27.5722,23.0,23.0,27.5722,9,Carting,6,0.015275979067222901,0.03502415458937198,0.2748907769477942,8,0.0007829213155898844,0.004830917874396135,0.008316263722685685,8,0.7071067811865476,-0.7071067811865475,1,1.0,0.0,1.0,1.0,1.0,1.1959889628233688e-05,0.28320704067047986,0.014493057751633016,1.0,90.36772,IND421302AAG → IND401104AAA,3.9290313720703125,-52.79596,233.5314,False,MEDIUM,Predicted ETA materially above OSRM baseline.,328.6322784423828,419.0
IND842001AAA,IND845418AAB,25.7589,26.0,26.0,25.7589,21,FTL,1,0.005042988297661629,0.016304347826086956,0.06098128080301983,24,0.0004003297793259374,0.0024154589371980675,0.0009272040630290162,24,-0.7071067811865477,0.7071067811865474,0,0.0,1.0,1.0,1.0,1.0,2.0188583923461647e-06,0.061908484866048843,0.004642658518335691,1.0,47.51376,IND842001AAA → IND845418AAB,1.8274522928091197,-95.64992,190.67744,False,MEDIUM,Predicted ETA materially above OSRM baseline.,5.486240386962891,53.0
IND560300AAA,IND562132AAA,14.2625,21.0,21.0,14.2625,10,Carting,6,0.0028401323663667655,0.00966183574879227,0.03611691289748769,26,0.027325678537934182,0.0428743961352657,0.5073641311852639,12,0.49999999999999994,-0.8660254037844387,1,1.0,0.0,1.0,1.0,1.0,7.760854404852054e-05,0.5434810440827516,0.024485546171567417,0.0,38.1376,IND560300AAA → IND562132AAA,1.8160761878603982,-105.02608,181.30128,True,HIGH,Touches high-bottleneck hub; expect elevated dwell risk. Predicted ETA materially above OSRM baseline.,2.1375999450683594,36.0
IND796009AAA,IND796321AAB,62.1185,43.0,43.0,62.1185,13,FTL,2,0.0007489516005311118,0.0012077294685990338,0.00020836046360202612,121,0.0007489516005311118,0.0012077294685990338,0.00020836046360202612,121,-0.2588190451025208,-0.9659258262890683,0,0.0,1.0,1.0,1.0,1.0,5.60928499938114e-07,0.00041672092720405223,0.0,1.0,191.42365,IND796009AAA → IND796321AAB,4.4517126748728195,48.259964,334.58734,False,MEDIUM,Predicted ETA materially above OSRM baseline.,29.42364501953125,162.0
IND421302AAG,IND400015AAA,9.9624,7.0,7.0,9.9624,14,Carting,3,0.015275979067222901,0.03502415458937198,0.2748907769477942,8,0.0007307380640950161,0.0030193236714975845,0.004578480478814889,8,-0.4999999999999997,-0.8660254037844388,0,1.0,0.0,1.0,1.0,1.0,1.1162739370738453e-05,0.27946925742660905,0.014545241003127886,1.0,19.306173,IND421302AAG → IND400015AAA,2.7580247606549944,-123.857506,162.46985,False,MEDIUM,Predicted ETA materially above OSRM baseline.,1.306173324584961,18.0
IND160002AAC,IND144001AAB,25.7633,18.0,18.0,25.7633,11,FTL,4,0.010090396139992705,0.03683574879227053,0.1435142409406581,7,0.0027270953871660303,0.006038647342995169,0.01056448876310714,7,0.258819045102521,-0.9659258262890682,0,0.0,1.0,1.0,1.0,1.0,2.7517472768052023e-05,0.15407872970376524,0.007363300752826674,1.0,34.88694,IND160002AAC → IND144001AAB,1.938163333468967,-108.27674,178.05063,False,MEDIUM,Predicted ETA materially above OSRM baseline.,20.113059997558594,55.0
IND361001AAA,IND361305AAC,24.681,18.0,18.0,24.681,23,FTL,4,0.00011276814232708725,0.0006038647342995169,0.0004896470894647614,56,0.00020862735497832212,0.0018115942028985505,0.0007415016759488842,56,-0.25881904510252157,0.9659258262890681,0,0.0,1.0,1.0,1.0,1.0,2.3526519259519184e-08,0.0012311487654136457,9.585921265123487e-05,1.0,29.369625,IND361001AAA → IND361305AAC,1.6316458384195964,-113.79405,172.53331,False,LOW,Predicted ETA materially above OSRM baseline.,3.3696250915527344,26.0
IND000000ACB,IND751002AAB,25.8308,18.0,18.0,25.8308,23,FTL,0,0.043583693639714496,0.056763285024154585,0.9999999983354557,12,0.008700534403360492,0.01147342995169082,0.07838240792197895,12,-0.25881904510252157,0.9659258262890681,0,0.0,1.0,1.0,1.0,1.0,0.0003792014259378598,1.0783824062574348,0.034883159236354,1.0,41.91419,IND000000ACB → IND751002AAB,2.3285660213894315,-101.2495,185.07787,True,CRITICAL,Touches high-bottleneck hub; expect elevated dwell risk. Predicted ETA materially above OSRM baseline.,17.914188385009766,24.0
IND560300AAA,IND562132AAA,13.0733,19.0,19.0,13.0733,15,Carting,4,0.0028401323663667655,0.00966183574879227,0.03611691289748769,26,0.027325678537934182,0.0428743961352657,0.5073641311852639,12,-0.7071067811865471,-0.7071067811865479,0,1.0,0.0,1.0,1.0,1.0,7.760854404852054e-05,0.5434810440827516,0.024485546171567417,0.0,30.502888,IND560300AAA → IND562132AAA,1.605415143464741,-112.6608,173.66656,True,MEDIUM,Touches high-bottleneck hub; expect elevated dwell risk. Predicted ETA materially above OSRM baseline.,10.502887725830078,20.0
IND121004AAB,IND110037AAM,13.0005,11.0,11.0,13.0005,6,Carting,2,0.0025897154281891554,0.00966183574879227,0.019649847800903245,8,0.010241046913380535,0.02717391304347826,0.1268978120710098,8,1.0,6.123233995736766e-17,0,1.0,0.0,1.0,1.0,1.0,2.6521397192390498e-05,0.14654765987191304,0.007651331485191379,1.0,35.71236,IND121004AAB → IND110037AAM,3.2465782165527344,-107.451324,178.87604,False,MEDIUM,Predicted ETA materially above OSRM baseline.,8.712360382080078,27.0
IND110037AAM,IND121004AAB,14.3632,11.0,11.0,14.3632,2,Carting,5,0.010241046913380535,0.02717391304347826,0.1268978120710098,8,0.0025897154281891554,0.00966183574879227,0.019649847800903245,8,0.49999999999999994,0.8660254037844387,1,1.0,0.0,1.0,1.0,1.0,2.6521397192390498e-05,0.14654765987191304,0.007651331485191379,1.0,28.70876,IND110037AAM → IND121004AAB,2.609887209805575,-114.454926,171.87244,False,MEDIUM,Predicted ETA materially above OSRM baseline.,1.2912406921386719,30.0
IND562132AAA,IND560002AAA,11.2336,13.0,13.0,11.2336,14,Carting,5,0.027325678537934182,0.0428743961352657,0.5073641311852639,12,0.0004971922526559396,0.0030193236714975845,0.0029795546295089733,26,-0.4999999999999997,-0.8660254037844388,1,1.0,0.0,1.0,1.0,1.0,1.3586115667627559e-05,0.5103436858147729,0.026828486285278244,0.0,22.273018,IND562132AAA → IND560002AAA,1.713309067946214,-120.89066,165.4367,True,MEDIUM,Touches high-bottleneck hub; expect elevated dwell risk. Predicted ETA materially above OSRM baseline.,2.2730178833007812,20.0
IND121004AAB,IND000000ACB,12.2681,13.0,13.0,12.2681,22,Carting,2,0.0025897154281891554,0.00966183574879227,0.019649847800903245,8,0.043583693639714496,0.056763285024154585,0.9999999983354557,12,-0.5000000000000004,0.8660254037844384,0,1.0,0.0,1.0,1.0,1.0,0.00011286936383623819,1.019649846136359,0.04099397821152534,0.0,20.637192,IND121004AAB → IND000000ACB,1.587476290189303,-122.52649,163.80087,True,CRITICAL,Touches high-bottleneck hub; expect elevated dwell risk. Predicted ETA materially above OSRM baseline.,4.3628082275390625,25.0
IND518422AAB,IND518102AAA,44.0315,31.0,31.0,44.0315,20,FTL,4,0.0003241767371071798,0.0012077294685990338,0.0018765847849006568,2,0.0003883253799047781,0.0012077294685990338,0.0024250959531226433,2,-0.8660254037844386,0.5000000000000001,0,0.0,1.0,1.0,1.0,1.0,1.2588605459343698e-07,0.0043016807380233,6.414864279759834e-05,1.0,60.33272,IND518422AAB → IND518102AAA,1.9462168293614541,-82.83096,203.4964,False,MEDIUM,Predicted ETA materially above OSRM baseline.,1.3327217102050781,59.0
IND000000ACA,IND160002AAC,23.1755,16.0,16.0,23.1755,14,FTL,0,0.0035439445755794485,0.013285024154589372,0.029408227803113758,7,0.010090396139992705,0.03683574879227053,0.1435142409406581,7,-0.4999999999999997,-0.8660254037844388,0,0.0,1.0,1.0,1.0,1.0,3.575980466577495e-05,0.17292246874377185,0.006546451564413256,1.0,29.638638,IND000000ACA → IND160002AAC,1.852414846420288,-113.52504,172.80232,False,MEDIUM,Predicted ETA materially above OSRM baseline.,6.361362457275391,36.0
IND501359AAE,IND500008AAC,15.0933,15.0,15.0,15.0933,16,Carting,2,0.01826415241952068,0.034420289855072464,0.24473683859850032,83,0.0002896027723928788,0.0018115942028985505,0.001342119330126766,83,-0.8660254037844385,-0.5000000000000004,0,1.0,0.0,1.0,1.0,1.0,5.289349176099294e-06,0.24607895792862708,0.017974549647127802,1.0,32.325077,IND501359AAE → IND500008AAC,2.155005137125651,-110.83861,175.48875,False,MEDIUM,Predicted ETA materially above OSRM baseline.,9.325077056884766,23.0
IND110037AAM,IND209304AAA,24.3389,17.0,17.0,24.3389,1,FTL,2,0.010241046913380535,0.02717391304347826,0.1268978120710098,8,0.011312853192402364,0.01751207729468599,0.10963897657981267,10,0.25881904510252074,0.9659258262890683,0,0.0,1.0,1.0,1.0,1.0,0.00011585546026757936,0.23653678865082248,0.0010718062790218297,0.0,39.066906,IND110037AAM → IND209304AAA,2.2980532926671646,-104.09677,182.23059,False,MEDIUM,Predicted ETA materially above OSRM baseline.,10.066905975341797,29.0
IND811399AAA,IND110044AAB,12.7214,16.0,16.0,12.7214,16,Carting,3,0.0002042013260709593,0.0018115942028985505,0.0033693824465359074,10,0.0002729312637147161,0.004830917874396135,0.012981421030724478,12,-0.8660254037844385,-0.5000000000000004,0,1.0,0.0,1.0,1.0,1.0,5.573292597676772e-08,0.016350803477260385,6.872993764375681e-05,0.0,43.30585,IND811399AAA → IND110044AAB,2.706615686416626,-99.857834,186.46953,False,MEDIUM,Predicted ETA materially above OSRM baseline.,16.694149017333984,60.0
IND518002AAA,IND518401AAA,26.7524,25.0,25.0,26.7524,20,FTL,2,0.0024663342141252815,0.010869565217391304,0.025526336568979405,2,0.0002487056638210067,0.0012077294685990338,0.0018593927988638371,2,-0.8660254037844386,0.5000000000000001,0,0.0,1.0,1.0,1.0,1.0,6.133912879284889e-07,0.027385729367843243,0.002217628550304275,1.0,37.940212,IND518002AAA → IND518401AAA,1.5176084899902345,-105.223465,181.1039,False,LOW,Predicted ETA materially above OSRM baseline.,1.0597877502441406,39.0
IND683511AAA,IND000000ABA,14.2141,19.0,19.0,14.2141,18,Carting,2,0.003370106712615338,0.012077294685990338,0.047702801862431095,26,0.00043713572490334737,0.0012077294685990338,0.0012060776853982185,26,-1.0,-1.8369701987210297e-16,0,1.0,0.0,1.0,1.0,1.0,1.4731940408207429e-06,0.04890887954782931,0.0029329709877119908,1.0,28.563215,IND683511AAA → IND000000ABA,1.503327118723016,-114.600464,171.7269,False,LOW,Predicted ETA materially above OSRM baseline.,7.563215255737305,21.0
IND560099AAB,IND560300AAA,20.1748,26.0,26.0,20.1748,2,Carting,3,0.004258545528897098,0.01751207729468599,0.06018801302888092,26,0.0028401323663667655,0.00966183574879227,0.03611691289748769,26,0.49999999999999994,0.8660254037844387,0,1.0,0.0,1.0,1.0,1.0,1.2094832990267124e-05,0.0963049259263686,0.0014184131625303324,1.0,54.282692,IND560099AAB → IND560300AAA,2.087795844444862,-88.88099,197.44638,False,MEDIUM,Predicted ETA materially above OSRM baseline.,33.282691955566406,21.0
IND624001AAA,IND624703AAA,23.3521,21.0,21.0,23.3521,1,FTL,2,0.00033699479701142265,0.0030193236714975845,0.0008570350609129095,98,0.0007536942080063801,0.0018115942028985505,0.00011380454039951725,98,0.25881904510252074,0.9659258262890683,0,0.0,1.0,1.0,1.0,1.0,2.5399102663579503e-07,0.0009708396013124268,0.00041669941099495744,1.0,35.043423,IND624001AAA → IND624703AAA,1.668734414236886,-108.120255,178.2071,False,LOW,Predicted ETA materially above OSRM baseline.,8.04342269897461,27.0
IND211002AAB,IND211013AAA,11.1299,8.0,8.0,11.1299,2,Carting,2,0.00284204930035725,0.006038647342995169,0.02071750533891423,10,0.0002485648212463837,0.0006038647342995169,0.00013543430134131698,10,0.49999999999999994,0.8660254037844387,0,1.0,0.0,1.0,1.0,1.0,7.064334763167098e-07,0.020852939640255547,0.0025934844791108665,1.0,41.918728,IND211002AAB → IND211013AAA,5.239840984344482,-101.24495,185.08241,False,MEDIUM,Predicted ETA materially above OSRM baseline.,2.9187278747558594,39.0
IND530012AAA,IND531001AAA,10.5545,7.0,7.0,10.5545,2,Carting,6,0.004566149059235383,0.012681159420289854,0.04305749371951732,86,0.00023367682899102547,0.0024154589371980675,0.001122733499957408,86,0.49999999999999994,0.8660254037844387,1,1.0,0.0,1.0,1.0,1.0,1.0670032328624786e-06,0.04418022721947473,0.004332472230244358,1.0,21.959692,IND530012AAA → IND531001AAA,3.137098857334682,-121.20399,165.12337,False,MEDIUM,Predicted ETA materially above OSRM baseline.,10.959692001342773,11.0
IND683511AAA,IND68004AAA,30.0633,28.0,28.0,30.0633,16,FTL,1,0.003370106712615338,0.012077294685990338,0.047702801862431095,26,0.0006061367077658417,0.0024154589371980675,0.0028074329082530556,26,-0.8660254037844385,-0.5000000000000004,0,0.0,1.0,1.0,1.0,1.0,2.0427453876042245e-06,0.05051023477068415,0.0027639700048494964,1.0,46.249382,IND683511AAA → IND68004AAA,1.651763643537249,-96.9143,189.41306,False,LOW,Predicted ETA materially above OSRM baseline.,14.249382019042969,32.0
IND421302AAG,IND400102AAC,12.5144,12.0,12.0,12.5144,14,Carting,5,0.015275979067222901,0.03502415458937198,0.2748907769477942,8,0.0003433971768372025,0.0018115942028985505,0.0032694536184455073,8,-0.4999999999999997,-0.8660254037844388,1,1.0,0.0,1.0,1.0,1.0,5.245728085108546e-06,0.2781602305662397,0.0149325818903857,1.0,33.692856,IND421302AAG → IND400102AAC,2.8077379862467446,-109.470825,176.85654,False,MEDIUM,Predicted ETA materially above OSRM baseline.,8.692855834960938,25.0
IND530012AAA,IND532001AAB,9.2066,6.0,6.0,9.2066,22,Carting,5,0.004566149059235383,0.012681159420289854,0.04305749371951732,86,0.0024867499334885437,0.005434782608695652,0.018831125363914056,86,-0.5000000000000004,0.8660254037844384,1,1.0,0.0,1.0,1.0,1.0,1.1354870869352365e-05,0.06188861908343138,0.0020793991257468396,1.0,1.0089029,IND530012AAA → IND532001AAB,0.16815048456192017,-142.15479,144.17258,False,LOW,Within normal network operating envelope.,7.991097092628479,9.0
IND560099AAB,IND560058AAD,12.3188,15.0,15.0,12.3188,22,Carting,6,0.004258545528897098,0.01751207729468599,0.06018801302888092,26,0.0003520550475927791,0.0024154589371980675,0.001771063940617222,12,-0.5000000000000004,0.8660254037844384,1,1.0,0.0,1.0,1.0,1.0,1.4992424488518843e-06,0.061959076969498136,0.003906490481304319,0.0,30.733692,IND560099AAB → IND560058AAD,2.0489128112792967,-112.42999,173.89737,False,MEDIUM,Predicted ETA materially above OSRM baseline.,12.733692169189453,18.0
IND560099AAH,IND562125AAA,11.646,17.0,17.0,11.646,7,Carting,3,0.00011276814232708725,0.0006038647342995169,0.0,88,0.00020862735497832212,0.0012077294685990338,1.1025366567331775e-05,88,0.9659258262890683,-0.25881904510252063,0,1.0,0.0,1.0,1.0,1.0,2.3526519259519184e-08,1.1025366567331775e-05,9.585921265123487e-05,1.0,34.34232,IND560099AAH → IND562125AAA,2.0201364405014934,-108.821365,177.506,False,MEDIUM,Predicted ETA materially above OSRM baseline.,4.342319488525391,30.0
IND321022AAA,IND121004AAB,9.448,6.0,6.0,9.448,23,Carting,3,0.00016486554050710618,0.0012077294685990338,0.0010313842948300293,8,0.0025897154281891554,0.00966183574879227,0.019649847800903245,8,-0.25881904510252157,0.9659258262890681,0,1.0,0.0,1.0,1.0,1.0,4.2695483382799705e-07,0.020681232095733273,0.002424849887682049,1.0,12.94596,IND321022AAA → IND121004AAB,2.1576600074768066,-130.21773,156.10963,False,MEDIUM,Predicted ETA materially above OSRM baseline.,2.94596004486084,10.0
IND854326AAB,IND854311AAA,24.0256,17.0,17.0,24.0256,19,FTL,0,0.002483272410580588,0.00966183574879227,0.04665697027858951,12,0.00020538129944332618,0.0030193236714975845,0.00403690193926836,12,-0.9659258262890684,0.2588190451025203,0,0.0,1.0,1.0,1.0,1.0,5.100177145568022e-07,0.05069387221785787,0.002277891111137262,1.0,36.472427,IND854326AAB → IND854311AAA,2.145436904009651,-106.69125,179.63611,False,MEDIUM,Predicted ETA materially above OSRM baseline.,13.472427368164062,23.0
IND400706AAA,IND000000AFT,10.7606,11.0,11.0,10.7606,7,Carting,5,0.00012352790326446573,0.0012077294685990338,3.125406954030392e-05,8,0.0009618180515248028,0.00785024154589372,0.013014081192968758,8,0.9659258262890683,-0.25881904510252063,1,1.0,0.0,1.0,1.0,1.0,1.1881136722677275e-07,0.013045335262509061,0.0008382901482603371,1.0,34.57825,IND400706AAA → IND000000AFT,3.143477353182706,-108.585434,177.74193,False,MEDIUM,Predicted ETA materially above OSRM baseline.,21.421749114990234,56.0
IND121004AAB,IND121001AAA,11.2552,10.0,10.0,11.2552,0,Carting,1,0.0025897154281891554,0.00966183574879227,0.019649847800903245,8,0.00022771599822913195,0.0012077294685990338,0.0007188435994269901,8,0.0,1.0,0,1.0,0.0,1.0,1.0,1.0,5.897196338594774e-07,0.020368691400330236,0.0023619994299600234,1.0,24.07126,IND121004AAB → IND121001AAA,2.407126045227051,-119.09242,167.23494,False,MEDIUM,Predicted ETA materially above OSRM baseline.,7.071260452270508,17.0
IND562132AAA,IND573201AAB,25.4537,19.0,19.0,25.4537,10,FTL,2,0.027325678537934182,0.0428743961352657,0.5073641311852639,12,0.0014660533255407414,0.005434782608695652,0.030898647842452356,65,0.49999999999999994,-0.8660254037844387,0,0.0,1.0,1.0,1.0,1.0,4.006090189319567e-05,0.5382627790277162,0.02585962521239344,0.0,32.26248,IND562132AAA → IND573201AAB,1.6980253520764803,-110.9012,175.42616,True,MEDIUM,Touches high-bottleneck hub; expect elevated dwell risk. Predicted ETA materially above OSRM baseline.,2.262481689453125,30.0
IND400015AAB,IND400072AAB,11.3309,12.0,12.0,11.3309,5,Carting,2,0.00031757849382178945,0.0024154589371980675,0.002416981377783503,8,0.001761572637755638,0.013285024154589372,0.022310914226844832,8,0.9659258262890683,0.25881904510252074,0,1.0,0.0,1.0,1.0,1.0,5.594375850561123e-07,0.024727895604628337,0.0014439941439338487,1.0,37.34959,IND400015AAB → IND400072AAB,3.1124658584594727,-105.81409,180.51328,False,MEDIUM,Predicted ETA materially above OSRM baseline.,17.650409698486328,55.0
IND515004AAA,IND515401AAB,22.9975,17.0,17.0,22.9975,18,FTL,2,0.0020837673754845565,0.007246376811594202,0.029340472684853222,83,0.0003445467235211211,0.0012077294685990338,0.0029079854497860752,83,-1.0,-1.8369701987210297e-16,0,0.0,1.0,1.0,1.0,1.0,7.179552218034096e-07,0.0322484581346393,0.0017392206519634354,1.0,34.47946,IND515004AAA → IND515401AAB,2.0282036276424633,-108.68422,177.64314,False,MEDIUM,Predicted ETA materially above OSRM baseline.,2.479461669921875,32.0
IND131028AAB,IND000000ACB,14.3687,21.0,21.0,14.3687,12,Carting,0,0.007439379868651916,0.024154589371980676,0.12459804015308967,12,0.043583693639714496,0.056763285024154585,0.9999999983354557,12,1.2246467991473532e-16,-1.0,0,1.0,0.0,1.0,1.0,1.0,0.00032423565306478457,1.1245980384885454,0.03614431377106258,1.0,22.836231,IND131028AAB → IND000000ACB,1.0874395824614025,-120.32745,165.99991,True,HIGH,Touches high-bottleneck hub; expect elevated dwell risk.,19.163768768310547,42.0
IND614602AAA,IND614804AAA,22.856,24.0,24.0,22.856,20,FTL,4,0.00011276814232708725,0.0006038647342995169,0.0001562703477015196,96,0.00020862735497832212,0.0012077294685990338,0.0004712404166534806,96,-0.8660254037844386,0.5000000000000001,0,0.0,1.0,1.0,1.0,1.0,2.3526519259519184e-08,0.0006275107643550002,9.585921265123487e-05,1.0,34.445415,IND614602AAA → IND614804AAA,1.4352256457010906,-108.71826,177.6091,False,LOW,Within normal network operating envelope.,0.5545845031738281,35.0
IND421302AAG,IND400072AAJ,11.3111,10.0,10.0,11.3111,2,Carting,0,0.015275979067222901,0.03502415458937198,0.2748907769477942,8,0.0012437824255957673,0.0018115942028985505,0.0018844638788792644,8,0.49999999999999994,0.8660254037844387,0,1.0,0.0,1.0,1.0,1.0,1.8999994297580667e-05,0.27677524082667343,0.014032196641627134,1.0,32.4279,IND421302AAG → IND400072AAJ,3.2427898406982423,-110.73578,175.59158,False,MEDIUM,Predicted ETA materially above OSRM baseline.,5.427898406982422,27.0
IND421302AAG,IND400072AAB,12.8325,11.0,11.0,12.8325,0,Carting,6,0.015275979067222901,0.03502415458937198,0.2748907769477942,8,0.001761572637755638,0.013285024154589372,0.022310914226844832,8,0.0,1.0,1,1.0,0.0,1.0,1.0,1.0,2.6909746739747758e-05,0.297201691174639,0.013514406429467263,1.0,28.430351,IND421302AAG → IND400072AAB,2.5845773870294746,-114.73333,171.59402,False,MEDIUM,Predicted ETA materially above OSRM baseline.,10.430351257324219,18.0
IND411014AAA,IND411033AAA,12.339,14.0,14.0,12.339,7,Carting,5,0.0007530136406554783,0.003623188405797101,0.004649119563290026,83,0.010710976773217756,0.025966183574879224,0.14745160154160694,83,0.9659258262890683,-0.25881904510252063,1,1.0,0.0,1.0,1.0,1.0,8.06551161497697e-06,0.15210072110489697,0.009957963132562277,1.0,43.54487,IND411014AAA → IND411033AAA,3.1103477478027344,-99.61881,186.70856,False,MEDIUM,Predicted ETA materially above OSRM baseline.,26.54486846923828,17.0
IND560099AAB,IND560048AAB,14.5634,21.0,21.0,14.5634,4,Carting,3,0.004258545528897098,0.01751207729468599,0.06018801302888092,26,0.0006058943781553494,0.003623188405797101,0.004479268549764292,26,0.8660254037844386,0.5000000000000001,0,1.0,0.0,1.0,1.0,1.0,2.580228795077351e-06,0.06466728157864521,0.0036526511507417483,1.0,34.366096,IND560099AAB → IND560048AAB,1.6364807855515253,-108.797585,177.52979,False,LOW,Predicted ETA materially above OSRM baseline.,23.63390350341797,58.0
IND388320AAA,IND390022AAA,26.2778,19.0,19.0,26.2778,17,FTL,0,0.001505097212473104,0.004830917874396135,0.007906568609754274,11,0.0013375061053577835,0.005434782608695652,0.018113977868940794,12,-0.9659258262890683,-0.25881904510252063,0,0.0,1.0,1.0,1.0,1.0,2.0130767108397576e-06,0.026020546478695068,0.00016759110711532044,0.0,36.53633,IND388320AAA → IND390022AAA,1.9229647987767269,-106.62735,179.70001,False,MEDIUM,Predicted ETA materially above OSRM baseline.,2.4636688232421875,39.0
IND400072AAB,IND401104AAA,9.5402,7.0,7.0,9.5402,19,Carting,2,0.001761572637755638,0.013285024154589372,0.022310914226844832,8,0.0007829213155898844,0.004830917874396135,0.008316263722685685,8,-0.9659258262890684,0.2588190451025203,0,1.0,0.0,1.0,1.0,1.0,1.3791727670587871e-06,0.030627177949530515,0.0009786513221657538,1.0,19.025797,IND400072AAB → IND401104AAA,2.717970984322684,-124.137886,162.18948,False,MEDIUM,Predicted ETA materially above OSRM baseline.,3.025796890258789,16.0
IND625008AAA,IND626123AAA,25.4885,26.0,26.0,25.4885,20,FTL,4,0.002720985491868242,0.004830917874396135,0.0023383577980503004,98,0.002092247415643034,0.0012077294685990338,0.0009206647011707949,98,-0.8660254037844386,0.5000000000000001,0,0.0,1.0,1.0,1.0,1.0,5.692974863363519e-06,0.0032590224992210953,0.0006287380762252078,1.0,37.02072,IND625008AAA → IND626123AAA,1.4238739013671875,-106.14296,180.1844,False,LOW,Within normal network operating envelope.,4.979278564453125,42.0
IND574227AAA,IND574104AAA,9.8602,7.0,7.0,9.8602,19,Carting,1,0.0002146101289377882,0.0012077294685990338,0.001598334875974074,65,0.0002952678040097341,0.0012077294685990338,0.002073919881935351,65,-0.9659258262890684,0.2588190451025203,0,1.0,0.0,1.0,1.0,1.0,6.336746148970661e-08,0.003672254757909425,8.065767507194592e-05,1.0,16.064287,IND574227AAA → IND574104AAA,2.2948981693812778,-127.099396,159.22797,False,MEDIUM,Predicted ETA materially above OSRM baseline.,3.0642871856689453,13.0
IND713205AAB,IND713148AAA,22.341900000000003,18.0,18.0,22.341900000000003,1,FTL,5,0.0019447097483337465,0.010869565217391304,0.028757594794975014,108,0.0001424798871952264,0.0012077294685990338,0.002397502313961111,108,0.25881904510252074,0.9659258262890683,1,0.0,1.0,1.0,1.0,1.0,2.7708202557004934e-07,0.031155097108936124,0.0018022298611385201,1.0,43.04175,IND713205AAB → IND713148AAA,2.391208436754015,-100.12193,186.20543,False,MEDIUM,Predicted ETA materially above OSRM baseline.,13.958248138427734,57.0
IND000000ACB,IND501359AAE,29.3108,20.0,20.0,29.3108,15,FTL,6,0.043583693639714496,0.056763285024154585,0.9999999983354557,12,0.01826415241952068,0.034420289855072464,0.24473683859850032,83,-0.7071067811865471,-0.7071067811865479,1,0.0,1.0,1.0,1.0,1.0,0.0007960192236414396,1.244736836933956,0.025319541220193816,0.0,65.64907,IND000000ACB → IND501359AAE,3.2824535369873047,-77.51461,208.81274,True,CRITICAL,Touches high-bottleneck hub; expect elevated dwell risk. Predicted ETA materially above OSRM baseline.,34.649070739746094,31.0
IND000000ACB,IND201301AAM,12.2445,14.0,14.0,12.2445,20,Carting,0,0.043583693639714496,0.056763285024154585,0.9999999983354557,12,0.0005966549027279685,0.0012077294685990338,0.005313191821851666,12,-0.8660254037844386,0.5000000000000001,0,1.0,0.0,1.0,1.0,1.0,2.600442448912943e-05,1.0053131901573074,0.042987038736986526,1.0,18.61564,IND000000ACB → IND201301AAM,1.329688617161342,-124.54804,161.77933,True,HIGH,Touches high-bottleneck hub; expect elevated dwell risk.,2.384359359741211,21.0
IND131028AAB,IND124507AAA,27.2183,29.0,29.0,27.2183,22,FTL,3,0.007439379868651916,0.024154589371980676,0.12459804015308967,12,0.0003469081905049388,0.0024154589371980675,0.0018146839892072793,12,-0.5000000000000004,0.8660254037844384,0,0.0,1.0,1.0,1.0,1.0,2.5807818087129057e-06,0.12641272414229696,0.007092471678146977,1.0,48.13175,IND131028AAB → IND124507AAA,1.6597154551538928,-95.03194,191.29543,False,LOW,Predicted ETA materially above OSRM baseline.,2.1317481994628906,46.0
IND562132AAA,IND560058AAD,14.4557,18.0,18.0,14.4557,8,Carting,1,0.027325678537934182,0.0428743961352657,0.5073641311852639,12,0.0003520550475927791,0.0024154589371980675,0.001771063940617222,12,0.8660254037844387,-0.4999999999999998,0,1.0,0.0,1.0,1.0,1.0,9.620143058177401e-06,0.5091351951258811,0.0269736234903414,1.0,35.88693,IND562132AAA → IND560058AAD,1.9937182532416449,-107.27675,179.05061,True,HIGH,Touches high-bottleneck hub; expect elevated dwell risk. Predicted ETA materially above OSRM baseline.,1.8869285583496094,34.0
IND521225AAB,IND521301AAA,23.2951,25.0,25.0,23.2951,19,FTL,4,0.003661440956086341,0.00966183574879227,0.034874450514481035,83,0.0004955380463987111,0.0012077294685990338,0.0021198433783663696,83,-0.9659258262890684,0.2588190451025203,0,0.0,1.0,1.0,1.0,1.0,1.8143832983832542e-06,0.036994293892847405,0.00316590290968763,1.0,35.652832,IND521225AAB → IND521301AAA,1.42611328125,-107.51085,178.81651,False,LOW,Within normal network operating envelope.,0.34716796875,36.0
IND382430AAB,IND364004AAB,23.0506,16.0,16.0,23.0506,12,FTL,4,0.004981881017124824,0.018115942028985508,0.08737990603767548,11,0.00030008386841655056,0.0012077294685990338,0.0031739021197736816,11,1.2246467991473532e-16,-1.0,0,0.0,1.0,1.0,1.0,1.0,1.4949821276097968e-06,0.09055380815744916,0.004681797148708273,1.0,33.32677,IND382430AAB → IND364004AAB,2.082923173904419,-109.836914,176.49045,False,MEDIUM,Predicted ETA materially above OSRM baseline.,7.326770782470703,26.0
IND000000ACB,IND301001AAB,27.7075,44.0,44.0,27.7075,11,FTL,1,0.043583693639714496,0.056763285024154585,0.9999999983354557,12,0.0013873751777620797,0.004830917874396135,0.008051813590888461,2,0.258819045102521,-0.9659258262890682,0,0.0,1.0,1.0,1.0,1.0,6.0466934710926925e-05,1.0080518119263442,0.04219631846195242,0.0,40.09182,IND000000ACB → IND301001AAB,0.9111777218905363,-103.07186,183.2555,True,HIGH,Touches high-bottleneck hub; expect elevated dwell risk.,5.908180236816406,46.0
IND110064AAA,IND000000ACB,14.6177,14.0,14.0,14.6177,23,Carting,4,0.0005767116352287111,0.0030193236714975845,0.006695177584592535,12,0.043583693639714496,0.056763285024154585,0.9999999983354557,12,-0.25881904510252157,0.9659258262890681,0,1.0,0.0,1.0,1.0,1.0,2.5135223228266925e-05,1.0066951759200482,0.043006982004485786,1.0,22.14241,IND110064AAA → IND000000ACB,1.5816007341657365,-121.02127,165.30609,True,CRITICAL,Touches high-bottleneck hub; expect elevated dwell risk. Predicted ETA materially above OSRM baseline.,7.1424102783203125,15.0
IND370201AAA,IND363330AAB,26.8621,33.0,33.0,26.8621,2,FTL,2,0.0005212995385137611,0.0024154589371980675,0.005381527458485843,11,0.000499285049466616,0.0012077294685990338,0.004013122361569188,11,0.49999999999999994,0.8660254037844387,0,0.0,1.0,1.0,1.0,1.0,2.602770658737673e-07,0.00939464982005503,2.2014489047145007e-05,1.0,31.851007,IND370201AAA → IND363330AAB,0.9651820442893289,-111.312675,175.0147,False,LOW,Within normal network operating envelope.,3.8510074615478516,28.0
IND421302AAG,IND401104AAA,14.1058,12.0,12.0,14.1058,4,Carting,1,0.015275979067222901,0.03502415458937198,0.2748907769477942,8,0.0007829213155898844,0.004830917874396135,0.008316263722685685,8,0.8660254037844386,0.5000000000000001,0,1.0,0.0,1.0,1.0,1.0,1.1959889628233688e-05,0.28320704067047986,0.014493057751633016,1.0,34.226788,IND421302AAG → IND401104AAA,2.852232297261556,-108.93689,177.39047,False,MEDIUM,Predicted ETA materially above OSRM baseline.,12.226787567138672,22.0
IND110044AAB,IND000000ACB,13.1659,12.0,12.0,13.1659,21,Carting,2,0.0002729312637147161,0.004830917874396135,0.012981421030724478,12,0.043583693639714496,0.056763285024154585,0.9999999983354557,12,-0.7071067811865477,0.7071067811865474,0,1.0,0.0,1.0,1.0,1.0,1.1895352582442313e-05,1.0129814193661801,0.04331076237599978,1.0,16.735737,IND110044AAB → IND000000ACB,1.3946447372436523,-126.42795,159.89941,True,HIGH,Touches high-bottleneck hub; expect elevated dwell risk.,0.2642631530761719,17.0
IND221303AAA,IND231001AAA,29.2527,24.0,24.0,29.2527,11,FTL,2,0.0002163659531914428,0.0012077294685990338,0.0007182526260951484,10,0.0002966883173404843,0.0006038647342995169,2.083604636020261e-05,10,0.258819045102521,-0.9659258262890682,0,0.0,1.0,1.0,1.0,1.0,6.419325058213916e-08,0.0007390886724553511,8.032236414904154e-05,1.0,51.615803,IND221303AAA → IND231001AAA,2.150658448537191,-91.54788,194.77948,False,MEDIUM,Predicted ETA materially above OSRM baseline.,12.615802764892578,39.0
IND560048AAB,IND562132AAA,15.2024,22.0,22.0,15.2024,17,Carting,1,0.0006058943781553494,0.003623188405797101,0.004479268549764292,26,0.027325678537934182,0.0428743961352657,0.5073641311852639,12,-0.9659258262890683,-0.25881904510252063,0,1.0,0.0,1.0,1.0,1.0,1.655647500541461e-05,0.5118433997350282,0.026719784159778832,0.0,36.05155,IND560048AAB → IND562132AAA,1.6387069008567117,-107.11213,179.21524,True,MEDIUM,Touches high-bottleneck hub; expect elevated dwell risk. Predicted ETA materially above OSRM baseline.,22.051551818847656,14.0
IND209304AAA,IND209801AAA,11.143,8.0,8.0,11.143,0,Carting,6,0.011312853192402364,0.01751207729468599,0.10963897657981267,10,0.0006853225008933601,0.0012077294685990338,0.0011459825498111435,10,0.0,1.0,1,1.0,0.0,1.0,1.0,1.0,7.75295284205662e-06,0.11078495912962381,0.010627530691509004,1.0,21.29725,IND209304AAA → IND209801AAA,2.662156343460083,-121.86643,164.46094,False,MEDIUM,Predicted ETA materially above OSRM baseline.,6.297250747680664,15.0
IND421302AAG,IND401104AAA,14.1869,12.0,12.0,14.1869,15,Carting,6,0.015275979067222901,0.03502415458937198,0.2748907769477942,8,0.0007829213155898844,0.004830917874396135,0.008316263722685685,8,-0.7071067811865471,-0.7071067811865479,1,1.0,0.0,1.0,1.0,1.0,1.1959889628233688e-05,0.28320704067047986,0.014493057751633016,1.0,28.91055,IND421302AAG → IND401104AAA,2.4092124303181968,-114.25313,172.07423,False,MEDIUM,Predicted ETA materially above OSRM baseline.,6.910549163818359,22.0
IND562132AAA,IND302014AAA,31.2834,22.0,22.0,31.2834,22,FTL,5,0.027325678537934182,0.0428743961352657,0.5073641311852639,12,0.005409047163822674,0.010869565217391304,0.09896163502378139,12,-0.5000000000000004,0.8660254037844384,1,0.0,1.0,1.0,1.0,1.0,0.00014780588399514302,0.6063257662090453,0.021916631374111508,1.0,38.037636,IND562132AAA → IND302014AAA,1.7289834456010298,-105.126045,181.20132,True,MEDIUM,Touches high-bottleneck hub; expect elevated dwell risk. Predicted ETA materially above OSRM baseline.,11.037635803222656,27.0
IND122004AAA,IND122413AAE,14.6659,14.0,14.0,14.6659,16,Carting,5,0.00011276814232708725,0.0012077294685990338,0.0017293918478968168,30,0.00020690533319416818,0.0006038647342995169,0.0016981377783565129,30,-0.8660254037844385,-0.5000000000000004,1,1.0,0.0,1.0,1.0,1.0,2.3332330061873367e-08,0.00342752962625333,9.413719086708093e-05,1.0,27.737041,IND122004AAA → IND122413AAE,1.9812172480991908,-115.426636,170.90073,False,MEDIUM,Predicted ETA materially above OSRM baseline.,8.737041473388672,19.0
IND110043AAA,IND110078AAA,13.4713,15.0,15.0,13.4713,0,Carting,2,0.0009308833784150718,0.0030193236714975845,0.003881813538230524,13,0.0007279999979624835,0.0012077294685990338,0.0009584581325693202,13,0.0,1.0,0,1.0,0.0,1.0,1.0,1.0,6.776830975894821e-07,0.004840271670799845,0.00020288338045258833,1.0,29.402784,IND110043AAA → IND110078AAA,1.9601856231689454,-113.760895,172.56647,False,MEDIUM,Predicted ETA materially above OSRM baseline.,11.40278434753418,18.0
IND246174AAA,IND246444AAB,33.1818,49.0,49.0,33.1818,8,FTL,5,0.0010225545426129129,0.0018115942028985505,0.0022380856936708667,42,0.0009897548114029355,0.0012077294685990338,0.0011558095996594033,42,0.8660254037844387,-0.4999999999999998,1,0.0,1.0,1.0,1.0,1.0,1.0120782784730586e-06,0.00339389529333027,3.2799731209977355e-05,1.0,65.568726,IND246174AAA → IND246444AAB,1.3381372568558674,-77.594955,208.7324,False,LOW,Within normal network operating envelope.,7.5687255859375,58.0
IND131028AAB,IND000000ACB,22.664,20.0,20.0,22.664,18,Carting,6,0.007439379868651916,0.024154589371980676,0.12459804015308967,12,0.043583693639714496,0.056763285024154585,0.9999999983354557,12,-1.0,-1.8369701987210297e-16,1,1.0,0.0,1.0,1.0,1.0,0.00032423565306478457,1.1245980384885454,0.03614431377106258,1.0,58.395878,IND131028AAB → IND000000ACB,2.919793891906738,-84.76781,201.55956,True,CRITICAL,Touches high-bottleneck hub; expect elevated dwell risk. Predicted ETA materially above OSRM baseline.,5.604122161865234,64.0
IND431136AAC,IND431122AAA,22.8457,16.0,16.0,22.8457,21,FTL,2,0.0013610344560859074,0.006038647342995169,0.015653190071372867,83,0.00026874038533300856,0.0012077294685990338,0.00262669882392334,83,-0.7071067811865477,0.7071067811865474,0,0.0,1.0,1.0,1.0,1.0,3.6576492418002847e-07,0.018279888895296206,0.001092294070752899,1.0,33.416847,IND431136AAC → IND431122AAA,2.088552951812744,-109.74683,176.58054,False,MEDIUM,Predicted ETA materially above OSRM baseline.,1.4168472290039062,32.0
IND400072AAB,IND421302AAG,13.5,9.0,9.0,13.5,23,Carting,0,0.001761572637755638,0.013285024154589372,0.022310914226844832,8,0.015275979067222901,0.03502415458937198,0.2748907769477942,8,-0.25881904510252157,0.9659258262890681,0,1.0,0.0,1.0,1.0,1.0,2.6909746739747758e-05,0.297201691174639,0.013514406429467263,1.0,35.51339,IND400072AAB → IND421302AAG,3.9459321763780384,-107.65029,178.67706,False,MEDIUM,Predicted ETA materially above OSRM baseline.,11.513389587402344,24.0
IND560099AAB,IND562132AAA,12.7893,16.0,16.0,12.7893,4,Carting,3,0.004258545528897098,0.01751207729468599,0.06018801302888092,26,0.027325678537934182,0.0428743961352657,0.5073641311852639,12,0.8660254037844386,0.5000000000000001,0,1.0,0.0,1.0,1.0,1.0,0.000116367646161799,0.5675521442141448,0.023067133009037084,0.0,33.442387,IND560099AAB → IND562132AAA,2.090149164199829,-109.7213,176.60606,True,HIGH,Touches high-bottleneck hub; expect elevated dwell risk. Predicted ETA materially above OSRM baseline.,5.557613372802734,39.0
IND712311AAA,IND721306AAA,29.2096,26.0,26.0,29.2096,19,FTL,2,0.014161863916236042,0.027777777777777776,0.21831191097956232,12,0.0009335461346158757,0.004830917874396135,0.009579263446068662,108,-0.9659258262890684,0.2588190451025203,0,0.0,1.0,1.0,1.0,1.0,1.3220753317958205e-05,0.22789117442563098,0.013228317781620166,0.0,59.67871,IND712311AAA → IND721306AAA,2.2953350360576925,-83.48497,202.84239,False,MEDIUM,Predicted ETA materially above OSRM baseline.,8.6787109375,51.0
IND786181AAC,IND792120AAB,33.1781,23.0,23.0,33.1781,7,Carting,5,0.0016318941653526123,0.003623188405797101,0.00560030594526797,118,0.00029158645990269387,0.0012077294685990338,0.0002812866258627353,118,0.9659258262890683,-0.25881904510252063,1,1.0,0.0,1.0,1.0,1.0,4.758382426110296e-07,0.005881592571130705,0.0013403077054499183,1.0,117.769196,IND786181AAC → IND792120AAB,5.120399806810462,-25.394485,260.93286,False,MEDIUM,Predicted ETA materially above OSRM baseline.,10.230804443359375,128.0
IND466001AAA,IND466116AAA,23.2861,17.0,17.0,23.2861,7,FTL,4,0.00026476311735874674,0.0012077294685990338,0.0013102579171992315,3,0.0003378178238588619,0.0012077294685990338,0.001421212111856963,3,0.9659258262890683,-0.25881904510252063,0,0.0,1.0,1.0,1.0,1.0,8.944170014422029e-08,0.0027314700290561947,7.305470650011516e-05,1.0,32.476685,IND466001AAA → IND466116AAA,1.9103932100183822,-110.687,175.64037,False,MEDIUM,Predicted ETA materially above OSRM baseline.,4.4766845703125,28.0
IND400072AAB,IND401104AAA,9.6142,7.0,7.0,9.6142,18,Carting,1,0.001761572637755638,0.013285024154589372,0.022310914226844832,8,0.0007829213155898844,0.004830917874396135,0.008316263722685685,8,-1.0,-1.8369701987210297e-16,0,1.0,0.0,1.0,1.0,1.0,1.3791727670587871e-06,0.030627177949530515,0.0009786513221657538,1.0,18.519726,IND400072AAB → IND401104AAA,2.6456751142229353,-124.64395,161.68341,False,MEDIUM,Predicted ETA materially above OSRM baseline.,21.480274200439453,40.0
IND400072AAB,IND400015AAA,18.6274,17.0,17.0,18.6274,20,Carting,6,0.001761572637755638,0.013285024154589372,0.022310914226844832,8,0.0007307380640950161,0.0030193236714975845,0.004578480478814889,8,-0.8660254037844386,0.5000000000000001,1,1.0,0.0,1.0,1.0,1.0,1.287248179076306e-06,0.026889394705659722,0.001030834573660622,1.0,39.243603,IND400072AAB → IND400015AAA,2.3084472207462086,-103.920074,182.40729,False,MEDIUM,Predicted ETA materially above OSRM baseline.,7.756397247314453,47.0
IND141003AAB,IND000000ACA,9.9752,7.0,7.0,9.9752,6,Carting,5,0.00011276814232708725,0.0018115942028985505,0.0005209011590050652,7,0.0035439445755794485,0.013285024154589372,0.029408227803113758,7,1.0,6.123233995736766e-17,1,1.0,0.0,1.0,1.0,1.0,3.9964404629825206e-07,0.029929128962118825,0.0034311764332523613,1.0,-0.5742571,IND141003AAB → IND000000ACA,-0.08203672511237008,-143.73795,142.58942,False,LOW,Within normal network operating envelope.,13.57425707578659,13.0
IND000000ACB,IND121002AAB,10.5705,7.0,7.0,10.5705,16,Carting,2,0.043583693639714496,0.056763285024154585,0.9999999983354557,12,0.0006459986184267426,0.0012077294685990338,0.005094413335069539,12,-0.8660254037844385,-0.5000000000000004,0,1.0,0.0,1.0,1.0,1.0,2.8155005877189974e-05,1.0050944116705252,0.042937695021287754,1.0,13.184698,IND000000ACB → IND121002AAB,1.8835283006940569,-129.97899,156.34837,True,CRITICAL,Touches high-bottleneck hub; expect elevated dwell risk. Predicted ETA materially above OSRM baseline.,1.1846981048583984,12.0
IND530012AAA,IND531162AAA,14.1755,11.0,11.0,14.1755,1,Carting,0,0.004566149059235383,0.012681159420289854,0.04305749371951732,86,0.0002850422199126334,0.0012077294685990338,0.00014585232452141828,86,0.25881904510252074,0.9659258262890683,0,1.0,0.0,1.0,1.0,1.0,1.3015452642964364e-06,0.04320334604403874,0.00428110683932275,1.0,38.03405,IND530012AAA → IND531162AAA,3.457640907981179,-105.12963,181.19772,False,MEDIUM,Predicted ETA materially above OSRM baseline.,17.03404998779297,21.0
IND501359AAE,IND500010AAB,15.8896,16.0,16.0,15.8896,22,Carting,0,0.01826415241952068,0.034420289855072464,0.24473683859850032,83,0.0007782247765220397,0.0012077294685990338,0.003302513348092114,83,-0.5000000000000004,0.8660254037844384,0,1.0,0.0,1.0,1.0,1.0,1.4213615935045952e-05,0.24803935194659243,0.017485927642998642,1.0,30.544205,IND501359AAE → IND500010AAB,1.909012794494629,-112.61948,173.70789,False,MEDIUM,Predicted ETA materially above OSRM baseline.,1.5442047119140625,29.0
IND000000ACB,IND382430AAB,26.327,19.0,19.0,26.327,19,FTL,2,0.043583693639714496,0.056763285024154585,0.9999999983354557,12,0.004981881017124824,0.018115942028985508,0.08737990603767548,11,-0.9659258262890684,0.2588190451025203,0,0.0,1.0,1.0,1.0,1.0,0.00021712877599987755,1.0873799043731311,0.038601812622589673,0.0,40.23776,IND000000ACB → IND382430AAB,2.117776770340769,-102.92592,183.40144,True,CRITICAL,Touches high-bottleneck hub; expect elevated dwell risk. Predicted ETA materially above OSRM baseline.,30.76224136352539,71.0
IND413002AAA,IND413304AAA,10.8316,8.0,8.0,10.8316,23,Carting,0,0.0021080625673289373,0.006038647342995169,0.018301452295654417,83,0.0007937549192931741,0.0024154589371980675,0.004263045362239048,83,-0.25881904510252157,0.9659258262890681,0,1.0,0.0,1.0,1.0,1.0,1.6732850329951418e-06,0.022564497657893465,0.0013143076480357633,1.0,13.761353,IND413002AAA → IND413304AAA,1.7201690673828125,-129.40233,156.92503,False,LOW,Predicted ETA materially above OSRM baseline.,42.2386474609375,56.0
IND000000AFT,IND421302AAG,15.5593,12.0,12.0,15.5593,7,Carting,5,0.0009618180515248028,0.00785024154589372,0.013014081192968758,8,0.015275979067222901,0.03502415458937198,0.2748907769477942,8,0.9659258262890683,-0.25881904510252063,1,1.0,0.0,1.0,1.0,1.0,1.4692712421570006e-05,0.28790485814076294,0.014314161015698098,1.0,45.115974,IND000000AFT → IND421302AAG,3.759664535522461,-98.04771,188.27966,False,MEDIUM,Predicted ETA materially above OSRM baseline.,18.88402557373047,64.0
IND501359AAE,IND462022AAA,29.0739,20.0,20.0,29.0739,20,FTL,4,0.01826415241952068,0.034420289855072464,0.24473683859850032,83,0.007704340800143653,0.013285024154589372,0.17678753014124907,12,-0.8660254037844386,0.5000000000000001,0,0.0,1.0,1.0,1.0,1.0,0.0001407132546657556,0.4215243687397494,0.010559811619377028,0.0,44.576252,IND501359AAE → IND462022AAA,2.228812599182129,-98.58743,187.73993,False,MEDIUM,Predicted ETA materially above OSRM baseline.,11.423748016357422,56.0
IND600056AAB,IND600110AAA,12.8076,11.0,11.0,12.8076,20,Carting,0,0.008609840295943885,0.021739130434782608,0.10264681853382264,12,0.0006066425183154005,0.0018115942028985505,0.0022901594395159843,12,-0.8660254037844386,0.5000000000000001,0,1.0,0.0,1.0,1.0,1.0,5.223095199424811e-06,0.10493697797333862,0.008003197777628484,1.0,18.876423,IND600056AAB → IND600110AAA,1.7160384438254617,-124.28726,162.0401,False,LOW,Predicted ETA materially above OSRM baseline.,0.8764228820800781,18.0
IND110064AAA,IND000000ACB,13.6054,13.0,13.0,13.6054,23,Carting,3,0.0005767116352287111,0.0030193236714975845,0.006695177584592535,12,0.043583693639714496,0.056763285024154585,0.9999999983354557,12,-0.25881904510252157,0.9659258262890681,0,1.0,0.0,1.0,1.0,1.0,2.5135223228266925e-05,1.0066951759200482,0.043006982004485786,1.0,21.908955,IND110064AAA → IND000000ACB,1.685304201566256,-121.25473,165.07263,True,CRITICAL,Touches high-bottleneck hub; expect elevated dwell risk. Predicted ETA materially above OSRM baseline.,5.908954620361328,16.0
IND000000ACB,IND110037AAK,11.1528,12.0,12.0,11.1528,17,Carting,5,0.043583693639714496,0.056763285024154585,0.9999999983354557,12,0.0003642619191143874,0.0012077294685990338,0.003479619742153836,12,-0.9659258262890683,-0.25881904510252063,1,1.0,0.0,1.0,1.0,1.0,1.5875879887295924e-05,1.0034796180776095,0.04321943172060011,1.0,21.931139,IND000000ACB → IND110037AAK,1.8275949160257976,-121.232544,165.09482,True,CRITICAL,Touches high-bottleneck hub; expect elevated dwell risk. Predicted ETA materially above OSRM baseline.,9.93113899230957,12.0
IND160102AAC,IND160002AAC,9.5494,11.0,11.0,9.5494,22,Carting,2,0.00045299628134155053,0.0012077294685990338,0.002146112775100869,7,0.010090396139992705,0.03683574879227053,0.1435142409406581,7,-0.5000000000000004,0.8660254037844384,0,1.0,0.0,1.0,1.0,1.0,4.570911928679831e-06,0.14566035371575897,0.009637399858651155,1.0,14.370513,IND160102AAC → IND160002AAC,1.3064102693037554,-128.79317,157.5342,False,LOW,Within normal network operating envelope.,0.3705129623413086,14.0
IND781018AAB,IND781005AAA,41.9671,44.0,44.0,41.9671,0,Carting,3,0.004513989097708297,0.01932367149758454,0.09643968297362635,8,0.0001421821949708346,0.0012077294685990338,0.0003021226722229379,8,0.0,1.0,0,1.0,0.0,1.0,1.0,1.0,6.418088779865827e-07,0.09674180564584928,0.004371806902737462,1.0,62.054077,IND781018AAB → IND781005AAA,1.4103199351917615,-81.109604,205.21776,False,LOW,Within normal network operating envelope.,27.0540771484375,35.0
IND302014AAA,IND000000ACB,24.7443,24.0,24.0,24.7443,1,FTL,5,0.005409047163822674,0.010869565217391304,0.09896163502378139,12,0.043583693639714496,0.056763285024154585,0.9999999983354557,12,0.25881904510252074,0.9659258262890683,1,0.0,1.0,1.0,1.0,1.0,0.00023574625447081402,1.0989616333592371,0.03817464647589182,1.0,30.910683,IND302014AAA → IND000000ACB,1.2879451115926106,-112.253,174.07437,True,HIGH,Touches high-bottleneck hub; expect elevated dwell risk.,5.089317321777344,36.0
IND600044AAD,IND600056AAB,12.5322,11.0,11.0,12.5322,0,Carting,6,0.0011347686760551832,0.006038647342995169,0.009263450552368938,93,0.008609840295943885,0.021739130434782608,0.10264681853382264,12,0.0,1.0,1,1.0,0.0,1.0,1.0,1.0,9.770177073674808e-06,0.11191026908619157,0.007475071619888701,0.0,24.27706,IND600044AAD → IND600056AAB,2.207005414095792,-118.88662,167.44073,False,MEDIUM,Predicted ETA materially above OSRM baseline.,3.277059555053711,21.0
IND400015AAA,IND400072AAB,11.2628,12.0,12.0,11.2628,7,Carting,2,0.0007307380640950161,0.0030193236714975845,0.004578480478814889,8,0.001761572637755638,0.013285024154589372,0.022310914226844832,8,0.9659258262890683,-0.25881904510252063,0,1.0,0.0,1.0,1.0,1.0,1.287248179076306e-06,0.026889394705659722,0.001030834573660622,1.0,40.655846,IND400015AAA → IND400072AAB,3.3879871368408203,-102.507835,183.81952,False,MEDIUM,Predicted ETA materially above OSRM baseline.,9.655845642089844,31.0
IND421302AAG,IND411033AAA,26.5345,24.0,24.0,26.5345,22,FTL,5,0.015275979067222901,0.03502415458937198,0.2748907769477942,8,0.010710976773217756,0.025966183574879224,0.14745160154160694,83,-0.5000000000000004,0.8660254037844384,1,0.0,1.0,1.0,1.0,1.0,0.00016362065697718515,0.42234237848940115,0.004565002294005145,0.0,40.952045,IND421302AAG → IND411033AAA,1.706335226694743,-102.21164,184.11572,False,LOW,Predicted ETA materially above OSRM baseline.,12.952045440673828,28.0
IND673592AAA,IND673121AAA,12.7043,12.0,12.0,12.7043,3,Carting,4,0.0004331470596654404,0.0030193236714975845,0.003977397777013127,12,0.00016902211682633122,0.0012077294685990338,0.0004700257298790197,12,0.7071067811865476,0.7071067811865476,0,1.0,0.0,1.0,1.0,1.0,7.321143292175393e-08,0.004447423506892147,0.00026412494283910916,1.0,31.542238,IND673592AAA → IND673121AAA,2.628519852956136,-111.621445,174.70592,False,MEDIUM,Predicted ETA materially above OSRM baseline.,11.542238235473633,20.0
IND000000ACB,IND201007AAA,11.872,16.0,16.0,11.872,3,Carting,4,0.043583693639714496,0.056763285024154585,0.9999999983354557,12,0.0017485721475134232,0.00785024154589372,0.008485135530797492,17,0.7071067811865476,0.7071067811865476,0,1.0,0.0,1.0,1.0,1.0,7.62092327841627e-05,1.0084851338662533,0.041835121492201074,0.0,27.621483,IND000000ACB → IND201007AAA,1.7263426780700684,-115.5422,170.78516,True,CRITICAL,Touches high-bottleneck hub; expect elevated dwell risk. Predicted ETA materially above OSRM baseline.,2.6214828491210938,25.0
IND577002AAA,IND581115AAC,10.3221,8.0,8.0,10.3221,21,Carting,6,0.0009919201475046544,0.004227053140096618,0.008172578465339064,0,0.0005403938591014248,0.0012077294685990338,0.0029011951168739676,0,-0.7071067811865477,0.7071067811865474,1,1.0,0.0,1.0,1.0,1.0,5.360275564304947e-07,0.011073773582213032,0.00045152628840322963,1.0,13.7511015,IND577002AAA → IND581115AAC,1.7188876867294312,-129.41258,156.91478,False,LOW,Predicted ETA materially above OSRM baseline.,1.7511014938354492,12.0
IND562132AAA,IND560300AAA,10.8663,11.0,11.0,10.8663,19,Carting,1,0.027325678537934182,0.0428743961352657,0.5073641311852639,12,0.0028401323663667655,0.00966183574879227,0.03611691289748769,26,-0.9659258262890684,0.2588190451025203,0,1.0,0.0,1.0,1.0,1.0,7.760854404852054e-05,0.5434810440827516,0.024485546171567417,0.0,12.418055,IND562132AAA → IND560300AAA,1.1289140527898616,-130.74562,155.58174,True,LOW,Touches high-bottleneck hub; expect elevated dwell risk.,3.5819454193115234,16.0
IND000000AFT,IND410209AAA,18.1415,14.0,14.0,18.1415,23,Carting,0,0.0009618180515248028,0.00785024154589372,0.013014081192968758,8,0.0005323988188848483,0.0006038647342995169,0.0008021877848678005,8,-0.25881904510252157,0.9659258262890681,0,1.0,0.0,1.0,1.0,1.0,5.120707946139311e-07,0.013816268977836558,0.0004294192326399545,1.0,28.521393,IND000000AFT → IND410209AAA,2.0372423444475447,-114.64229,171.68507,False,MEDIUM,Predicted ETA materially above OSRM baseline.,7.478607177734375,36.0
IND530012AAA,IND531001AAA,11.7919,8.0,8.0,11.7919,1,Carting,1,0.004566149059235383,0.012681159420289854,0.04305749371951732,86,0.00023367682899102547,0.0024154589371980675,0.001122733499957408,86,0.25881904510252074,0.9659258262890683,0,1.0,0.0,1.0,1.0,1.0,1.0670032328624786e-06,0.04418022721947473,0.004332472230244358,1.0,25.546696,IND530012AAA → IND531001AAA,3.1933369636535645,-117.61699,168.71037,False,MEDIUM,Predicted ETA materially above OSRM baseline.,11.546695709228516,14.0
IND000000ACB,IND302014AAA,28.195,21.0,21.0,28.195,0,FTL,1,0.043583693639714496,0.056763285024154585,0.9999999983354557,12,0.005409047163822674,0.010869565217391304,0.09896163502378139,12,0.0,1.0,0,0.0,1.0,1.0,1.0,1.0,0.00023574625447081402,1.0989616333592371,0.03817464647589182,1.0,42.94708,IND000000ACB → IND302014AAA,2.0450989859444753,-100.2166,186.11076,True,CRITICAL,Touches high-bottleneck hub; expect elevated dwell risk. Predicted ETA materially above OSRM baseline.,11.052921295166016,54.0
IND400072AAJ,IND400037AAA,14.0146,12.0,12.0,14.0146,6,Carting,2,0.0012437824255957673,0.0018115942028985505,0.0018844638788792644,8,0.001162005514099649,0.0012077294685990338,0.00014585232452141828,8,1.0,6.123233995736766e-17,0,1.0,0.0,1.0,1.0,1.0,1.445282036882518e-06,0.0020303162034006825,8.177691149611837e-05,1.0,41.070232,IND400072AAJ → IND400037AAA,3.4225193659464517,-102.093445,184.23392,False,MEDIUM,Predicted ETA materially above OSRM baseline.,76.92976760864258,118.0
IND135001AAA,IND173025AAA,33.5998,26.0,26.0,33.5998,21,FTL,6,0.0002192594843225241,0.0018115942028985505,0.0018667741051077858,7,0.0002991556598569685,0.0012077294685990338,0.0021027445779267335,7,-0.7071067811865477,0.7071067811865474,1,0.0,1.0,1.0,1.0,1.0,6.559271571240334e-08,0.00396951868303452,7.989617553444438e-05,1.0,48.79306,IND135001AAA → IND173025AAA,1.8766561654897838,-94.37062,191.95674,False,MEDIUM,Predicted ETA materially above OSRM baseline.,8.206939697265625,57.0
IND400072AAB,IND421302AAG,11.2127,7.0,7.0,11.2127,4,Carting,4,0.001761572637755638,0.013285024154589372,0.022310914226844832,8,0.015275979067222901,0.03502415458937198,0.2748907769477942,8,0.8660254037844386,0.5000000000000001,0,1.0,0.0,1.0,1.0,1.0,2.6909746739747758e-05,0.297201691174639,0.013514406429467263,1.0,32.532307,IND400072AAB → IND421302AAG,4.647472381591797,-110.63138,175.69598,False,MEDIUM,Predicted ETA materially above OSRM baseline.,16.532306671142578,16.0
IND363641AAA,IND363621AAB,15.7384,16.0,16.0,15.7384,0,Carting,5,0.00011276814232708725,0.0012077294685990338,0.00025003255632243134,56,0.00018178677543597636,0.0012077294685990338,0.0002604505795025326,56,0.0,1.0,1,1.0,0.0,1.0,1.0,1.0,2.0499756965546432e-08,0.000510483135824964,6.901863310888911e-05,1.0,32.793617,IND363641AAA → IND363621AAB,2.0496010780334473,-110.37006,175.9573,False,MEDIUM,Predicted ETA materially above OSRM baseline.,12.793617248535156,20.0
IND421302AAG,IND400015AAA,11.3366,8.0,8.0,11.3366,19,Carting,5,0.015275979067222901,0.03502415458937198,0.2748907769477942,8,0.0007307380640950161,0.0030193236714975845,0.004578480478814889,8,-0.9659258262890684,0.2588190451025203,1,1.0,0.0,1.0,1.0,1.0,1.1162739370738453e-05,0.27946925742660905,0.014545241003127886,1.0,18.62372,IND421302AAG → IND400015AAA,2.327965021133423,-124.53996,161.7874,False,MEDIUM,Predicted ETA materially above OSRM baseline.,2.623720169067383,16.0
IND000000ACT,IND000000ACB,14.7663,14.0,14.0,14.7663,2,Carting,6,0.00011276814232708725,0.0018115942028985505,0.007073837739288787,12,0.043583693639714496,0.056763285024154585,0.9999999983354557,12,0.49999999999999994,0.8660254037844387,1,1.0,0.0,1.0,1.0,1.0,4.914852167503492e-06,1.0070738360747444,0.04347092549738741,1.0,28.261953,IND000000ACT → IND000000ACB,2.0187109538487027,-114.901726,171.42563,True,CRITICAL,Touches high-bottleneck hub; expect elevated dwell risk. Predicted ETA materially above OSRM baseline.,11.261953353881836,17.0
IND560300AAA,IND560099AAB,17.4763,20.0,20.0,17.4763,12,Carting,4,0.0028401323663667655,0.00966183574879227,0.03611691289748769,26,0.004258545528897098,0.01751207729468599,0.06018801302888092,26,1.2246467991473532e-16,-1.0,0,1.0,0.0,1.0,1.0,1.0,1.2094832990267124e-05,0.0963049259263686,0.0014184131625303324,1.0,56.77038,IND560300AAA → IND560099AAB,2.8385189056396483,-86.3933,199.93405,False,MEDIUM,Predicted ETA materially above OSRM baseline.,0.22962188720703125,57.0
IND792121AAB,IND786181AAC,43.4735,31.0,31.0,43.4735,10,Carting,2,0.0004704047774783005,0.0012077294685990338,0.0006875895298866862,118,0.0016318941653526123,0.003623188405797101,0.00560030594526797,118,0.49999999999999994,-0.8660254037844387,0,1.0,0.0,1.0,1.0,1.0,7.676508117208325e-07,0.006287895475154656,0.0011614893878743118,1.0,637.1917,IND792121AAB → IND786181AAC,20.554571336315526,494.028,780.3554,False,MEDIUM,Predicted ETA materially above OSRM baseline.,258.80828857421875,896.0
IND560048AAB,IND560099AAB,11.8114,12.0,12.0,11.8114,18,Carting,6,0.0006058943781553494,0.003623188405797101,0.004479268549764292,26,0.004258545528897098,0.01751207729468599,0.06018801302888092,26,-1.0,-1.8369701987210297e-16,1,1.0,0.0,1.0,1.0,1.0,2.580228795077351e-06,0.06466728157864521,0.0036526511507417483,1.0,16.323256,IND560048AAB → IND560099AAB,1.3602712949117024,-126.84042,159.48694,False,LOW,Within normal network operating envelope.,17.67674446105957,34.0
IND461111AAA,IND460001AAA,23.3732,17.0,17.0,23.3732,4,FTL,1,0.0002673502953785675,0.0012077294685990338,0.002863183454532334,75,0.0003400226027180514,0.0012077294685990338,0.0030525135318804604,75,0.8660254037844386,0.5000000000000001,0,0.0,1.0,1.0,1.0,1.0,9.090514327206035e-08,0.005915696986412795,7.267230733948391e-05,1.0,34.930416,IND461111AAA → IND460001AAA,2.054730359245749,-108.23326,178.0941,False,MEDIUM,Predicted ETA materially above OSRM baseline.,1.9304161071777344,33.0
IND400011AAA,IND400072AAD,13.9751,13.0,13.0,13.9751,18,Carting,5,0.0002175301105064012,0.0024154589371980675,0.0030948861535852793,8,0.0004344999759885544,0.0024154589371980675,0.006665357313131835,8,-1.0,-1.8369701987210297e-16,1,1.0,0.0,1.0,1.0,1.0,9.45168277918189e-08,0.009760243466717115,0.0002169698654821532,1.0,29.054243,IND400011AAA → IND400072AAD,2.2349417759821963,-114.109436,172.21793,False,MEDIUM,Predicted ETA materially above OSRM baseline.,0.9457569122314453,30.0
IND415409AAB,IND415124AAA,25.4573,20.0,20.0,25.4573,19,FTL,1,0.0001429888255372026,0.0012077294685990338,0.0030183486711119647,8,0.00023432158721521635,0.0012077294685990338,0.003535605769793647,8,-0.9659258262890684,0.2588190451025203,0,0.0,1.0,1.0,1.0,1.0,3.350536855391697e-08,0.006553954440905611,9.133276167801375e-05,1.0,49.539806,IND415409AAB → IND415124AAA,2.47699031829834,-93.62387,192.70349,False,MEDIUM,Predicted ETA materially above OSRM baseline.,27.539806365966797,22.0
IND600056AAB,IND605010AAB,25.3385,24.0,24.0,25.3385,8,FTL,4,0.008609840295943885,0.021739130434782608,0.10264681853382264,12,0.0009379396747271521,0.0030193236714975845,0.013866072896313527,95,0.8660254037844387,-0.4999999999999998,0,0.0,1.0,1.0,1.0,1.0,8.075510806630334e-06,0.11651289143013617,0.007671900621216732,0.0,32.742325,IND600056AAB → IND605010AAB,1.3642635345458984,-110.42136,175.906,False,LOW,Within normal network operating envelope.,24.257675170898438,57.0
IND400072AAD,IND421302AAG,14.4316,11.0,11.0,14.4316,0,Carting,2,0.0004344999759885544,0.0024154589371980675,0.006665357313131835,8,0.015275979067222901,0.03502415458937198,0.2748907769477942,8,0.0,1.0,0,1.0,0.0,1.0,1.0,1.0,6.63741253791001e-06,0.281556134260926,0.014841479091234348,1.0,38.535458,IND400072AAD → IND421302AAG,3.503223419189453,-104.62822,181.69914,False,MEDIUM,Predicted ETA materially above OSRM baseline.,10.535457611083984,28.0
IND174021AAA,IND176048AAA,28.9858,27.0,27.0,28.9858,2,FTL,5,0.00011276814232708725,0.0006038647342995169,0.00011459825498111436,7,0.00020862735497832212,0.0012077294685990338,0.001110493446615615,7,0.49999999999999994,0.8660254037844387,1,0.0,1.0,1.0,1.0,1.0,2.3526519259519184e-08,0.0012250917015967295,9.585921265123487e-05,1.0,55.60576,IND174021AAA → IND176048AAA,2.0594725432219327,-87.55792,198.76944,False,MEDIUM,Predicted ETA materially above OSRM baseline.,4.3942413330078125,60.0
IND421302AAG,IND400015AAB,11.9235,9.0,9.0,11.9235,20,Carting,2,0.015275979067222901,0.03502415458937198,0.2748907769477942,8,0.00031757849382178945,0.0024154589371980675,0.002416981377783503,8,-0.8660254037844386,0.5000000000000001,0,1.0,0.0,1.0,1.0,1.0,4.851322423821833e-06,0.2773077583255777,0.014958400573401111,1.0,23.127026,IND421302AAG → IND400015AAB,2.5696695115831165,-120.03665,166.29071,False,MEDIUM,Predicted ETA materially above OSRM baseline.,6.127025604248047,17.0
IND562132AAA,IND560002AAA,11.9654,12.0,12.0,11.9654,3,Carting,4,0.027325678537934182,0.0428743961352657,0.5073641311852639,12,0.0004971922526559396,0.0030193236714975845,0.0029795546295089733,26,0.7071067811865476,0.7071067811865476,0,1.0,0.0,1.0,1.0,1.0,1.3586115667627559e-05,0.5103436858147729,0.026828486285278244,0.0,26.459305,IND562132AAA → IND560002AAA,2.204942067464193,-116.70438,169.62299,True,HIGH,Touches high-bottleneck hub; expect elevated dwell risk. Predicted ETA materially above OSRM baseline.,16.540695190429688,43.0
IND712311AAA,IND700065AAA,12.8959,15.0,15.0,12.8959,16,Carting,5,0.014161863916236042,0.027777777777777776,0.21831191097956232,12,0.00048694868785042816,0.0024154589371980675,0.0011355645266310423,12,-0.8660254037844385,-0.5000000000000004,1,1.0,0.0,1.0,1.0,1.0,6.8961010515274665e-06,0.21944747550619337,0.013674915228385614,1.0,48.22434,IND712311AAA → IND700065AAA,3.2149559020996095,-94.93935,191.38802,False,MEDIUM,Predicted ETA materially above OSRM baseline.,4.224338531494141,44.0
IND560300AAA,IND562132AAA,12.253,19.0,19.0,12.253,19,Carting,4,0.0028401323663667655,0.00966183574879227,0.03611691289748769,26,0.027325678537934182,0.0428743961352657,0.5073641311852639,12,-0.9659258262890684,0.2588190451025203,0,1.0,0.0,1.0,1.0,1.0,7.760854404852054e-05,0.5434810440827516,0.024485546171567417,0.0,27.090605,IND560300AAA → IND562132AAA,1.425821304321289,-116.073074,170.25429,True,MEDIUM,Touches high-bottleneck hub; expect elevated dwell risk.,10.090604782104492,17.0
IND560300AAA,IND560099AAB,16.617900000000002,19.0,19.0,16.617900000000002,0,Carting,0,0.0028401323663667655,0.00966183574879227,0.03611691289748769,26,0.004258545528897098,0.01751207729468599,0.06018801302888092,26,0.0,1.0,0,1.0,0.0,1.0,1.0,1.0,1.2094832990267124e-05,0.0963049259263686,0.0014184131625303324,1.0,47.829067,IND560300AAA → IND560099AAB,2.5173193279065584,-95.33461,190.99275,False,MEDIUM,Predicted ETA materially above OSRM baseline.,8.82906723022461,39.0
IND580028AAA,IND590016AAA,24.3349,17.0,17.0,24.3349,12,FTL,3,0.002617072521400016,0.010265700483091786,0.029847514501604555,0,0.0005976955524890975,0.0018115942028985505,0.001529036403981359,0,1.2246467991473532e-16,-1.0,0,0.0,1.0,1.0,1.0,1.0,1.564212606582218e-06,0.031376550905585915,0.0020193769689109183,1.0,33.72594,IND580028AAA → IND590016AAA,1.983878864961512,-109.437744,176.88962,False,MEDIUM,Predicted ETA materially above OSRM baseline.,0.7259407043457031,33.0
IND000000ACB,IND122001AAA,13.2069,13.0,13.0,13.2069,4,Carting,1,0.043583693639714496,0.056763285024154585,0.9999999983354557,12,0.000640291220829665,0.004227053140096618,0.006626738307402971,12,0.8660254037844386,0.5000000000000001,0,1.0,0.0,1.0,1.0,1.0,2.7906256408838897e-05,1.0066267366428587,0.04294340241888483,1.0,23.467701,IND000000ACB → IND122001AAA,1.805207766019381,-119.695984,166.63138,True,CRITICAL,Touches high-bottleneck hub; expect elevated dwell risk. Predicted ETA materially above OSRM baseline.,0.4677009582519531,23.0
IND624001AAA,IND624619AAA,25.2679,23.0,23.0,25.2679,1,FTL,5,0.00033699479701142265,0.0030193236714975845,0.0008570350609129095,98,0.0008692139246064285,0.0018115942028985505,0.00042625205020537313,98,0.25881904510252074,0.9659258262890683,1,0.0,1.0,1.0,1.0,1.0,2.929205700822454e-07,0.0012832871111182827,0.0005322191275950059,1.0,32.136093,IND624001AAA → IND624619AAA,1.3972214408542798,-111.02759,175.29977,False,LOW,Within normal network operating envelope.,1.8639068603515625,34.0
IND000000ACB,IND110064AAA,13.2741,17.0,17.0,13.2741,20,Carting,6,0.043583693639714496,0.056763285024154585,0.9999999983354557,12,0.0005767116352287111,0.0030193236714975845,0.006695177584592535,12,-0.8660254037844386,0.5000000000000001,1,1.0,0.0,1.0,1.0,1.0,2.5135223228266925e-05,1.0066951759200482,0.043006982004485786,1.0,21.217258,IND000000ACB → IND110064AAA,1.2480740266687729,-121.94643,164.38094,True,HIGH,Touches high-bottleneck hub; expect elevated dwell risk.,4.217258453369141,17.0
IND518002AAA,IND518401AAA,26.2013,25.0,25.0,26.2013,20,FTL,6,0.0024663342141252815,0.010869565217391304,0.025526336568979405,2,0.0002487056638210067,0.0012077294685990338,0.0018593927988638371,2,-0.8660254037844386,0.5000000000000001,1,0.0,1.0,1.0,1.0,1.0,6.133912879284889e-07,0.027385729367843243,0.002217628550304275,1.0,37.44539,IND518002AAA → IND518401AAA,1.4978155517578124,-105.71829,180.60907,False,LOW,Within normal network operating envelope.,5.4453887939453125,32.0
IND560300AAA,IND560085AAA,11.2865,12.0,12.0,11.2865,23,Carting,3,0.0028401323663667655,0.00966183574879227,0.03611691289748769,26,0.0004347177326549307,0.0024154589371980675,0.0018544081260580324,26,-0.25881904510252157,0.9659258262890681,0,1.0,0.0,1.0,1.0,1.0,1.2346559027468433e-06,0.03797132102354572,0.0024054146337118346,1.0,24.496803,IND560300AAA → IND560085AAA,2.0414002736409507,-118.66688,167.66049,False,MEDIUM,Predicted ETA materially above OSRM baseline.,2.4968032836914062,22.0
IND110044AAB,IND000000ACB,13.703,13.0,13.0,13.703,18,Carting,2,0.0002729312637147161,0.004830917874396135,0.012981421030724478,12,0.043583693639714496,0.056763285024154585,0.9999999983354557,12,-1.0,-1.8369701987210297e-16,0,1.0,0.0,1.0,1.0,1.0,1.1895352582442313e-05,1.0129814193661801,0.04331076237599978,1.0,15.8295,IND110044AAB → IND000000ACB,1.2176538614126353,-127.33418,158.99318,True,HIGH,Touches high-bottleneck hub; expect elevated dwell risk.,1.1704998016357422,17.0
IND522647AAA,IND523201AAA,26.3901,30.0,30.0,26.3901,14,FTL,4,0.00034608694091911227,0.0012077294685990338,0.0028381891900587015,6,0.00040692384448648086,0.0012077294685990338,0.0024282422257113677,6,-0.4999999999999997,-0.8660254037844388,0,0.0,1.0,1.0,1.0,1.0,1.4083102852537072e-07,0.00526643141577007,6.083690356736859e-05,1.0,38.621506,IND522647AAA → IND523201AAA,1.2873835245768228,-104.542175,181.78519,False,LOW,Within normal network operating envelope.,2.6215057373046875,36.0
IND421302AAN,IND400072AAB,11.2813,10.0,10.0,11.2813,6,Carting,6,0.00011276814232708725,0.0006038647342995169,0.00046881104310455874,8,0.001761572637755638,0.013285024154589372,0.022310914226844832,8,1.0,6.123233995736766e-17,1,1.0,0.0,1.0,1.0,1.0,1.986492739339303e-07,0.02277972526994939,0.0016488044954285509,1.0,25.208729,IND421302AAN → IND400072AAB,2.52087287902832,-117.954956,168.3724,False,MEDIUM,Predicted ETA materially above OSRM baseline.,3.208728790283203,22.0
IND560099AAB,IND562132AAA,13.9521,17.0,17.0,13.9521,4,Carting,4,0.004258545528897098,0.01751207729468599,0.06018801302888092,26,0.027325678537934182,0.0428743961352657,0.5073641311852639,12,0.8660254037844386,0.5000000000000001,0,1.0,0.0,1.0,1.0,1.0,0.000116367646161799,0.5675521442141448,0.023067133009037084,0.0,34.406254,IND560099AAB → IND562132AAA,2.023897283217486,-108.75743,177.56993,True,HIGH,Touches high-bottleneck hub; expect elevated dwell risk. Predicted ETA materially above OSRM baseline.,11.406253814697266,23.0
IND712311AAA,IND700026AAC,12.6062,18.0,18.0,12.6062,16,Carting,3,0.014161863916236042,0.027777777777777776,0.21831191097956232,12,0.0005331750123378118,0.0024154589371980675,0.0010418023180101305,12,-0.8660254037844385,-0.5000000000000004,0,1.0,0.0,1.0,1.0,1.0,7.550751968265563e-06,0.21935371329757244,0.01362868890389823,1.0,49.607826,IND712311AAA → IND700026AAC,2.7559903462727866,-93.555855,192.77151,False,MEDIUM,Predicted ETA materially above OSRM baseline.,21.607826232910156,28.0
IND785690AAB,IND785682AAA,11.687,17.0,17.0,11.687,0,Carting,0,0.0002832694567477833,0.0012077294685990338,0.0008021877848678005,118,0.0008019595037309399,0.0024154589371980675,0.014784244504437919,118,0.0,1.0,0,1.0,0.0,1.0,1.0,1.0,2.2717063295558525e-07,0.015586432289305719,0.0005186900469831566,1.0,48.92366,IND785690AAB → IND785682AAA,2.8778623693129597,-94.24002,192.08734,False,MEDIUM,Predicted ETA materially above OSRM baseline.,18.923660278320312,30.0
IND421302AAG,IND400072AAB,11.5049,10.0,10.0,11.5049,21,Carting,6,0.015275979067222901,0.03502415458937198,0.2748907769477942,8,0.001761572637755638,0.013285024154589372,0.022310914226844832,8,-0.7071067811865477,0.7071067811865474,1,1.0,0.0,1.0,1.0,1.0,2.6909746739747758e-05,0.297201691174639,0.013514406429467263,1.0,21.707468,IND421302AAG → IND400072AAB,2.1707468032836914,-121.456215,164.87115,False,MEDIUM,Predicted ETA materially above OSRM baseline.,6.707468032836914,15.0
IND600056AAB,IND600076AAB,12.1863,14.0,14.0,12.1863,3,Carting,6,0.008609840295943885,0.021739130434782608,0.10264681853382264,12,0.0007013783685626948,0.0024154589371980675,0.0019169162651386405,12,0.7071067811865476,0.7071067811865476,1,1.0,0.0,1.0,1.0,1.0,6.038755740354471e-06,0.10456373479896128,0.00790846192738119,1.0,23.31305,IND600056AAB → IND600076AAB,1.6652178083147322,-119.85063,166.47673,False,LOW,Predicted ETA materially above OSRM baseline.,5.31304931640625,18.0
IND000000AEL,IND000000ACB,14.7764,14.0,14.0,14.7764,5,Carting,4,0.0003308355310603792,0.0012077294685990338,0.0024794895168641106,12,0.043583693639714496,0.056763285024154585,0.9999999983354557,12,0.9659258262890683,0.25881904510252074,0,1.0,0.0,1.0,1.0,1.0,1.4419034430867817e-05,1.0024794878523198,0.04325285810865412,1.0,29.394707,IND000000AEL → IND000000ACB,2.099621909005301,-113.768974,172.55838,True,CRITICAL,Touches high-bottleneck hub; expect elevated dwell risk. Predicted ETA materially above OSRM baseline.,10.605293273925781,40.0
IND110024AAA,IND110014AAA,9.7226,7.0,7.0,9.7226,0,Carting,1,0.0014099729970970924,0.0024154589371980675,0.0016240132993767314,8,0.0013072133606337809,0.0012077294685990338,0.00023961453314233006,8,0.0,1.0,0,1.0,0.0,1.0,1.0,1.0,1.8431355399381744e-06,0.0018636278325190616,0.00010275963646331153,1.0,15.356449,IND110024AAA → IND110014AAA,2.1937784467424666,-127.807236,158.52013,False,MEDIUM,Predicted ETA materially above OSRM baseline.,3.3564491271972656,12.0
IND396191AAC,IND396232AAA,10.6203,7.0,7.0,10.6203,1,Carting,4,0.0005209175106697086,0.004830917874396135,0.005010730027712808,8,0.000289931865518275,0.0012077294685990338,0.0006563354603463823,8,0.25881904510252074,0.9659258262890683,0,1.0,0.0,1.0,1.0,1.0,1.5103058564960455e-07,0.005667065488059191,0.00023098564515143364,1.0,17.552769,IND396191AAC → IND396232AAA,2.507538386753627,-125.610916,160.71645,False,MEDIUM,Predicted ETA materially above OSRM baseline.,1.4472312927246094,19.0
IND400015AAB,IND400072AAB,30.0874,22.0,22.0,30.0874,1,Carting,5,0.00031757849382178945,0.0024154589371980675,0.002416981377783503,8,0.001761572637755638,0.013285024154589372,0.022310914226844832,8,0.25881904510252074,0.9659258262890683,1,1.0,0.0,1.0,1.0,1.0,5.594375850561123e-07,0.024727895604628337,0.0014439941439338487,1.0,92.68208,IND400015AAB → IND400072AAB,4.212821960449219,-50.481598,235.84576,False,MEDIUM,Predicted ETA materially above OSRM baseline.,25.682083129882812,67.0
IND811399AAA,IND110044AAB,11.9398,13.0,13.0,11.9398,16,Carting,2,0.0002042013260709593,0.0018115942028985505,0.0033693824465359074,10,0.0002729312637147161,0.004830917874396135,0.012981421030724478,12,-0.8660254037844385,-0.5000000000000004,0,1.0,0.0,1.0,1.0,1.0,5.573292597676772e-08,0.016350803477260385,6.872993764375681e-05,0.0,36.170986,IND811399AAA → IND110044AAB,2.782383551964393,-106.99269,179.33467,False,MEDIUM,Predicted ETA materially above OSRM baseline.,18.17098617553711,18.0
IND732103AAB,IND733128AAA,19.2583,16.0,16.0,19.2583,23,Carting,0,0.002107371427555803,0.004227053140096618,0.006891630816183598,110,0.0011050475204706155,0.0018115942028985505,0.0026503852160253277,110,-0.25881904510252157,0.9659258262890681,0,1.0,0.0,1.0,1.0,1.0,2.3287455707311616e-06,0.009542016032208927,0.0010023239070851876,1.0,38.05931,IND732103AAB → IND733128AAA,2.378706932067871,-105.10437,181.22299,False,MEDIUM,Predicted ETA materially above OSRM baseline.,10.059310913085938,28.0
IND000000ACB,IND110064AAA,13.7426,18.0,18.0,13.7426,19,Carting,4,0.043583693639714496,0.056763285024154585,0.9999999983354557,12,0.0005767116352287111,0.0030193236714975845,0.006695177584592535,12,-0.9659258262890684,0.2588190451025203,0,1.0,0.0,1.0,1.0,1.0,2.5135223228266925e-05,1.0066951759200482,0.043006982004485786,1.0,21.778605,IND000000ACB → IND110064AAA,1.209922472635905,-121.38508,164.94229,True,HIGH,Touches high-bottleneck hub; expect elevated dwell risk.,3.778604507446289,18.0
IND788026AAC,IND788151AAA,32.9688,24.0,24.0,32.9688,21,FTL,5,0.0007979457490561846,0.004830917874396135,0.010809804868095078,8,0.00017936159013466307,0.0018115942028985505,0.0017656305902429253,8,-0.7071067811865477,0.7071067811865474,1,0.0,1.0,1.0,1.0,1.0,1.431208183919121e-07,0.012575435458338002,0.0006185841589215215,1.0,70.69464,IND788026AAC → IND788151AAA,2.9456100463867188,-72.46904,213.85832,False,MEDIUM,Predicted ETA materially above OSRM baseline.,18.69464111328125,52.0
IND562132AAA,IND560085AAA,13.649299999999998,12.0,12.0,13.649299999999998,23,Carting,6,0.027325678537934182,0.0428743961352657,0.5073641311852639,12,0.0004347177326549307,0.0024154589371980675,0.0018544081260580324,26,-0.25881904510252157,0.9659258262890681,1,1.0,0.0,1.0,1.0,1.0,1.1878957017268249e-05,0.509218539311322,0.02689096080527925,0.0,26.225657,IND562132AAA → IND560085AAA,2.1854713757832847,-116.93803,169.38934,True,HIGH,Touches high-bottleneck hub; expect elevated dwell risk. Predicted ETA materially above OSRM baseline.,5.225656509399414,21.0
IND683511AAA,IND680012AAA,18.953,23.0,23.0,18.953,17,Carting,2,0.003370106712615338,0.012077294685990338,0.047702801862431095,26,0.0005182276205474123,0.0012077294685990338,0.0031580180061085063,26,-0.9659258262890683,-0.25881904510252063,0,1.0,0.0,1.0,1.0,1.0,1.7464823826695086e-06,0.0508608198685396,0.002851879092067926,1.0,34.20032,IND683511AAA → IND680012AAA,1.4869704868482507,-108.96336,177.364,False,LOW,Within normal network operating envelope.,8.200321197509766,26.0
IND400072AAD,IND421302AAG,13.945200000000002,10.0,10.0,13.945200000000002,11,Carting,5,0.0004344999759885544,0.0024154589371980675,0.006665357313131835,8,0.015275979067222901,0.03502415458937198,0.2748907769477942,8,0.258819045102521,-0.9659258262890682,1,1.0,0.0,1.0,1.0,1.0,6.63741253791001e-06,0.281556134260926,0.014841479091234348,1.0,35.4759,IND400072AAD → IND421302AAG,3.547589874267578,-107.68778,178.63959,False,MEDIUM,Predicted ETA materially above OSRM baseline.,10.475898742675781,25.0
IND110043AAA,IND110078AAA,15.0354,17.0,17.0,15.0354,7,Carting,5,0.0009308833784150718,0.0030193236714975845,0.003881813538230524,13,0.0007279999979624835,0.0012077294685990338,0.0009584581325693202,13,0.9659258262890683,-0.25881904510252063,1,1.0,0.0,1.0,1.0,1.0,6.776830975894821e-07,0.004840271670799845,0.00020288338045258833,1.0,34.467247,IND110043AAA → IND110078AAA,2.027485118192785,-108.696434,177.63092,False,MEDIUM,Predicted ETA materially above OSRM baseline.,9.467247009277344,25.0
IND000000ACK,IND501359AAF,11.9304,9.0,9.0,11.9304,14,Carting,3,0.00011276814232708725,0.0006038647342995169,0.0009688761557494214,25,0.0004818284379472865,0.0018115942028985505,0.0016877197551764113,25,-0.4999999999999997,-0.8660254037844388,0,1.0,0.0,1.0,1.0,1.0,5.4334897867677734e-08,0.0026565959109258325,0.00036906029562019927,1.0,28.332579,IND000000ACK → IND501359AAF,3.148064295450846,-114.8311,171.49626,False,MEDIUM,Predicted ETA materially above OSRM baseline.,10.332578659057617,18.0
IND421302AAG,IND444005AAB,24.5889,17.0,17.0,24.5889,19,FTL,6,0.015275979067222901,0.03502415458937198,0.2748907769477942,8,0.001217877625901946,0.003623188405797101,0.017339459658414286,8,-0.9659258262890684,0.2588190451025203,1,0.0,1.0,1.0,1.0,1.0,1.860427311971725e-05,0.29223023660620845,0.014058101441320955,1.0,41.468304,IND421302AAG → IND444005AAB,2.439311981201172,-101.69537,184.63199,False,MEDIUM,Predicted ETA materially above OSRM baseline.,11.531696319580078,53.0
IND160102AAC,IND160002AAC,10.1989,12.0,12.0,10.1989,23,Carting,5,0.00045299628134155053,0.0012077294685990338,0.002146112775100869,7,0.010090396139992705,0.03683574879227053,0.1435142409406581,7,-0.25881904510252157,0.9659258262890681,1,1.0,0.0,1.0,1.0,1.0,4.570911928679831e-06,0.14566035371575897,0.009637399858651155,1.0,11.326464,IND160102AAC → IND160002AAC,0.9438719749450684,-131.83722,154.49014,False,LOW,Within normal network operating envelope.,4.67353630065918,16.0
IND560300AAA,IND562132AAA,12.8979,18.0,18.0,12.8979,19,Carting,3,0.0028401323663667655,0.00966183574879227,0.03611691289748769,26,0.027325678537934182,0.0428743961352657,0.5073641311852639,12,-0.9659258262890684,0.2588190451025203,0,1.0,0.0,1.0,1.0,1.0,7.760854404852054e-05,0.5434810440827516,0.024485546171567417,0.0,26.346725,IND560300AAA → IND562132AAA,1.4637069702148438,-116.816956,169.5104,True,MEDIUM,Touches high-bottleneck hub; expect elevated dwell risk.,12.346725463867188,14.0
IND110037AAK,IND000000ACB,13.0394,12.0,12.0,13.0394,5,Carting,3,0.0003642619191143874,0.0012077294685990338,0.003479619742153836,12,0.043583693639714496,0.056763285024154585,0.9999999983354557,12,0.9659258262890683,0.25881904510252074,0,1.0,0.0,1.0,1.0,1.0,1.5875879887295924e-05,1.0034796180776095,0.04321943172060011,1.0,29.38372,IND110037AAK → IND000000ACB,2.448643366495768,-113.77996,172.5474,True,CRITICAL,Touches high-bottleneck hub; expect elevated dwell risk. Predicted ETA materially above OSRM baseline.,11.383720397949219,18.0
IND412105AAC,IND411017AAA,12.4634,11.0,11.0,12.4634,1,Carting,3,0.0007489516005311118,0.0012077294685990338,0.0007084255762468888,67,0.0007489516005311118,0.0012077294685990338,0.0007084255762468888,67,0.25881904510252074,0.9659258262890683,0,1.0,0.0,1.0,1.0,1.0,5.60928499938114e-07,0.0014168511524937776,0.0,1.0,26.809132,IND412105AAC → IND411017AAA,2.4371937838467685,-116.35455,169.97281,False,MEDIUM,Predicted ETA materially above OSRM baseline.,7.190868377685547,34.0
IND411033AAA,IND411021AAA,11.2119,12.0,12.0,11.2119,2,Carting,5,0.010710976773217756,0.025966183574879224,0.14745160154160694,83,0.00022600241052540346,0.0012077294685990338,0.0009167860398489149,83,0.49999999999999994,0.8660254037844387,1,1.0,0.0,1.0,1.0,1.0,2.4207065698288204e-06,0.14836838758145585,0.010484974362692353,1.0,30.84148,IND411033AAA → IND411021AAA,2.5701233545939126,-112.322205,174.00516,False,MEDIUM,Predicted ETA materially above OSRM baseline.,44.15851974487305,75.0
IND411033AAA,IND413002AAA,24.2589,17.0,17.0,24.2589,15,FTL,0,0.010710976773217756,0.025966183574879224,0.14745160154160694,83,0.0021080625673289373,0.006038647342995169,0.018301452295654417,83,-0.7071067811865471,-0.7071067811865479,0,0.0,1.0,1.0,1.0,1.0,2.257940919515004e-05,0.16575305383726135,0.00860291420588882,1.0,15.844483,IND411033AAA → IND413002AAA,0.9320284338558421,-127.3192,159.00816,False,LOW,Within normal network operating envelope.,24.155516624450684,40.0
IND530012AAA,IND532001AAB,12.2218,8.0,8.0,12.2218,20,Carting,4,0.004566149059235383,0.012681159420289854,0.04305749371951732,86,0.0024867499334885437,0.005434782608695652,0.018831125363914056,86,-0.8660254037844386,0.5000000000000001,0,1.0,0.0,1.0,1.0,1.0,1.1354870869352365e-05,0.06188861908343138,0.0020793991257468396,1.0,9.614162,IND530012AAA → IND532001AAB,1.201770305633545,-133.54951,152.77785,False,LOW,Within normal network operating envelope.,11.38583755493164,21.0
IND421302AAG,IND411033AAA,30.603900000000003,28.0,28.0,30.603900000000003,23,FTL,1,0.015275979067222901,0.03502415458937198,0.2748907769477942,8,0.010710976773217756,0.025966183574879224,0.14745160154160694,83,-0.25881904510252157,0.9659258262890681,0,0.0,1.0,1.0,1.0,1.0,0.00016362065697718515,0.42234237848940115,0.004565002294005145,0.0,45.13346,IND421302AAG → IND411033AAA,1.6119093213762556,-98.03022,188.29715,False,LOW,Predicted ETA materially above OSRM baseline.,5.133460998535156,40.0
IND441206AAB,IND442605AAA,13.2326,9.0,9.0,13.2326,0,Carting,3,0.00011276814232708725,0.0012077294685990338,0.000510483135824964,70,0.001074609313245204,0.0018115942028985505,0.0005417372053652679,70,0.0,1.0,0,1.0,0.0,1.0,1.0,1.0,1.2118169598204866e-07,0.0010522203411902319,0.0009618411709181169,1.0,24.713297,IND441206AAB → IND442605AAA,2.745921876695421,-118.450386,167.87698,False,MEDIUM,Predicted ETA materially above OSRM baseline.,8.713296890258789,16.0
IND452001AAC,IND425508AAB,10.694,9.0,9.0,10.694,3,Carting,1,0.000857932829129832,0.0024154589371980675,0.0016869260405948145,69,0.0008600915316573912,0.0018115942028985505,0.0009663535966033163,69,0.7071067811865476,0.7071067811865476,0,1.0,0.0,1.0,1.0,1.0,7.379007610654361e-07,0.0026532796371981308,2.1587025275591728e-06,1.0,20.31537,IND452001AAC → IND425508AAB,2.2572633955213757,-122.84831,163.47905,False,MEDIUM,Predicted ETA materially above OSRM baseline.,4.315370559692383,16.0
IND522647AAA,IND523201AAA,26.8643,31.0,31.0,26.8643,12,FTL,6,0.00034608694091911227,0.0012077294685990338,0.0028381891900587015,6,0.00040692384448648086,0.0012077294685990338,0.0024282422257113677,6,1.2246467991473532e-16,-1.0,1,0.0,1.0,1.0,1.0,1.0,1.4083102852537072e-07,0.00526643141577007,6.083690356736859e-05,1.0,40.335365,IND522647AAA → IND523201AAA,1.3011408159809728,-102.828316,183.49905,False,LOW,Within normal network operating envelope.,4.664634704589844,45.0
IND000000ACB,IND382430AAB,26.0313,21.0,21.0,26.0313,13,FTL,6,0.043583693639714496,0.056763285024154585,0.9999999983354557,12,0.004981881017124824,0.018115942028985508,0.08737990603767548,11,-0.2588190451025208,-0.9659258262890683,1,0.0,1.0,1.0,1.0,1.0,0.00021712877599987755,1.0873799043731311,0.038601812622589673,0.0,41.535427,IND000000ACB → IND382430AAB,1.977877480643136,-101.62825,184.69911,True,CRITICAL,Touches high-bottleneck hub; expect elevated dwell risk. Predicted ETA materially above OSRM baseline.,30.46457290649414,72.0
IND110037AAM,IND110020AAB,12.7379,11.0,11.0,12.7379,8,Carting,4,0.010241046913380535,0.02717391304347826,0.1268978120710098,8,0.00020855528720161982,0.0012077294685990338,0.00029170464904283656,8,0.8660254037844387,-0.4999999999999998,0,1.0,0.0,1.0,1.0,1.0,2.1358244802653397e-06,0.12718951672005263,0.010032491626178915,1.0,35.2298,IND110037AAM → IND110020AAB,3.202709197998047,-107.93388,178.39348,False,MEDIUM,Predicted ETA materially above OSRM baseline.,5.229801177978516,30.0
IND000000ACA,IND142001AAB,23.5872,17.0,17.0,23.5872,15,FTL,5,0.0035439445755794485,0.013285024154589372,0.029408227803113758,7,0.0008010550586147225,0.0024154589371980675,0.006947377208089762,7,-0.7071067811865471,-0.7071067811865479,1,0.0,1.0,1.0,1.0,1.0,2.838894729718123e-06,0.03635560501120352,0.002742889516964726,1.0,21.370853,IND000000ACA → IND142001AAB,1.2571090249454273,-121.79283,164.53453,False,LOW,Within normal network operating envelope.,2.6291465759277344,24.0
IND560099AAB,IND560300AAA,15.4603,15.0,15.0,15.4603,20,Carting,1,0.004258545528897098,0.01751207729468599,0.06018801302888092,26,0.0028401323663667655,0.00966183574879227,0.03611691289748769,26,-0.8660254037844386,0.5000000000000001,0,1.0,0.0,1.0,1.0,1.0,1.2094832990267124e-05,0.0963049259263686,0.0014184131625303324,1.0,27.42794,IND560099AAB → IND560300AAA,1.8285293579101562,-115.73574,170.59161,False,MEDIUM,Predicted ETA materially above OSRM baseline.,2.4279403686523438,25.0
IND209111AAA,IND285001AAD,25.547400000000003,18.0,18.0,25.547400000000003,1,FTL,3,0.00030159966053134424,0.0012077294685990338,0.0035251877466135457,10,0.00036915431224809924,0.0012077294685990338,0.003688232057171784,10,0.25881904510252074,0.9659258262890683,0,0.0,1.0,1.0,1.0,1.0,1.1133681525770859e-07,0.0072134198037853295,6.7554651716755e-05,1.0,35.59239,IND209111AAA → IND285001AAD,1.9773548973931208,-107.57129,178.75607,False,MEDIUM,Predicted ETA materially above OSRM baseline.,11.592388153076172,24.0
IND400015AAA,IND400072AAB,11.3838,12.0,12.0,11.3838,19,Carting,5,0.0007307380640950161,0.0030193236714975845,0.004578480478814889,8,0.001761572637755638,0.013285024154589372,0.022310914226844832,8,-0.9659258262890684,0.2588190451025203,1,1.0,0.0,1.0,1.0,1.0,1.287248179076306e-06,0.026889394705659722,0.001030834573660622,1.0,28.417297,IND400015AAA → IND400072AAB,2.368108113606771,-114.74638,171.58098,False,MEDIUM,Predicted ETA materially above OSRM baseline.,0.41729736328125,28.0
IND560060AAB,IND560099AAB,16.463900000000002,20.0,20.0,16.463900000000002,9,Carting,6,0.0006660752398210037,0.0030193236714975845,0.0034275296262533295,26,0.004258545528897098,0.01751207729468599,0.06018801302888092,26,0.7071067811865476,-0.7071067811865475,1,1.0,0.0,1.0,1.0,1.0,2.8365117344487973e-06,0.06361554265513425,0.003592470289076094,1.0,39.806458,IND560060AAB → IND560099AAB,1.9903228759765625,-103.35722,182.97014,False,MEDIUM,Predicted ETA materially above OSRM baseline.,24.80645751953125,15.0
IND600032AAB,IND600076AAB,11.9907,11.0,11.0,11.9907,20,Carting,5,0.0015580129385992202,0.004227053140096618,0.006859420211869845,12,0.0007013783685626948,0.0024154589371980675,0.0019169162651386405,12,-0.8660254037844386,0.5000000000000001,1,1.0,0.0,1.0,1.0,1.0,1.092756573074291e-06,0.008776336477008486,0.0008566345700365254,1.0,25.856014,IND600032AAB → IND600076AAB,2.3505467501553623,-117.30766,169.0197,False,MEDIUM,Predicted ETA materially above OSRM baseline.,9.856014251708984,16.0
IND560300AAA,IND562132AAA,18.404400000000003,24.0,24.0,18.404400000000003,0,Carting,2,0.0028401323663667655,0.00966183574879227,0.03611691289748769,26,0.027325678537934182,0.0428743961352657,0.5073641311852639,12,0.0,1.0,0,1.0,0.0,1.0,1.0,1.0,7.760854404852054e-05,0.5434810440827516,0.024485546171567417,0.0,51.608456,IND560300AAA → IND562132AAA,2.1503523190816245,-91.55522,194.77214,True,HIGH,Touches high-bottleneck hub; expect elevated dwell risk. Predicted ETA materially above OSRM baseline.,21.608455657958984,30.0
IND560048AAB,IND560099AAB,10.4585,13.0,13.0,10.4585,6,Carting,1,0.0006058943781553494,0.003623188405797101,0.004479268549764292,26,0.004258545528897098,0.01751207729468599,0.06018801302888092,26,1.0,6.123233995736766e-17,0,1.0,0.0,1.0,1.0,1.0,2.580228795077351e-06,0.06466728157864521,0.0036526511507417483,1.0,28.00262,IND560048AAB → IND560099AAB,2.1540477459247294,-115.16106,171.1663,False,MEDIUM,Predicted ETA materially above OSRM baseline.,8.002620697021484,20.0
IND110044AAB,IND110030AAD,11.4863,13.0,13.0,11.4863,21,Carting,5,0.0002729312637147161,0.004830917874396135,0.012981421030724478,12,0.00034270843176042965,0.0018115942028985505,0.0023544732387028953,12,-0.7071067811865477,0.7071067811865474,1,1.0,0.0,1.0,1.0,1.0,9.353584536606262e-08,0.015335894269427374,6.977716804571355e-05,1.0,21.71736,IND110044AAB → IND110030AAD,1.6705661186805139,-121.44632,164.88104,False,LOW,Predicted ETA materially above OSRM baseline.,7.71735954284668,14.0
IND121004AAB,IND110037AAM,14.107,13.0,13.0,14.107,18,Carting,2,0.0025897154281891554,0.00966183574879227,0.019649847800903245,8,0.010241046913380535,0.02717391304347826,0.1268978120710098,8,-1.0,-1.8369701987210297e-16,0,1.0,0.0,1.0,1.0,1.0,2.6521397192390498e-05,0.14654765987191304,0.007651331485191379,1.0,20.581543,IND121004AAB → IND110037AAM,1.5831956129807692,-122.58214,163.74522,False,LOW,Predicted ETA materially above OSRM baseline.,5.41845703125,26.0
IND735224AAA,IND736146AAA,26.16,24.0,24.0,26.16,4,FTL,4,0.00011276814232708725,0.0006038647342995169,0.00022919650996222873,112,0.00020862735497832212,0.0012077294685990338,0.00039770691100554103,112,0.8660254037844386,0.5000000000000001,0,0.0,1.0,1.0,1.0,1.0,2.3526519259519184e-08,0.0006269034209677698,9.585921265123487e-05,1.0,42.20974,IND735224AAA → IND736146AAA,1.7587391535441081,-100.95394,185.37341,False,LOW,Predicted ETA materially above OSRM baseline.,11.209739685058594,31.0
IND600073AAA,IND603203AAA,10.5642,7.0,7.0,10.5642,6,Carting,1,0.00011276814232708725,0.0006038647342995169,1.0418023180101306e-05,93,0.00023786157526158727,0.0024154589371980675,0.0010050985280401412,93,1.0,6.123233995736766e-17,0,1.0,0.0,1.0,1.0,1.0,2.682320797324385e-08,0.0010155165512202426,0.00012509343293450002,1.0,17.229092,IND600073AAA → IND603203AAA,2.46129880632673,-125.934586,160.39278,False,MEDIUM,Predicted ETA materially above OSRM baseline.,2.2290916442871094,15.0
IND712311AAA,IND742101AAC,58.576,42.0,42.0,58.576,6,FTL,0,0.014161863916236042,0.027777777777777776,0.21831191097956232,12,0.0011907038030468421,0.007246376811594202,0.015745022454903588,109,1.0,6.123233995736766e-17,0,0.0,1.0,1.0,1.0,1.0,1.68625852232941e-05,0.2340569334344659,0.0129711601131892,0.0,96.433975,IND712311AAA → IND742101AAC,2.296047029041109,-46.729706,239.59766,False,MEDIUM,Predicted ETA materially above OSRM baseline.,38.43397521972656,58.0
IND501359AAE,IND500080AAB,12.251,12.0,12.0,12.251,2,Carting,3,0.01826415241952068,0.034420289855072464,0.24473683859850032,83,0.000534375357731096,0.0018115942028985505,0.0020677368924104742,83,0.49999999999999994,0.8660254037844387,0,1.0,0.0,1.0,1.0,1.0,9.759912982836626e-06,0.24680457549091078,0.017729777061789586,1.0,25.441381,IND501359AAE → IND500080AAB,2.120115121205648,-117.7223,168.60506,False,MEDIUM,Predicted ETA materially above OSRM baseline.,5.558618545532227,31.0
IND562132AAA,IND560300AAA,12.7965,15.0,15.0,12.7965,11,Carting,4,0.027325678537934182,0.0428743961352657,0.5073641311852639,12,0.0028401323663667655,0.00966183574879227,0.03611691289748769,26,0.258819045102521,-0.9659258262890682,0,1.0,0.0,1.0,1.0,1.0,7.760854404852054e-05,0.5434810440827516,0.024485546171567417,0.0,28.35965,IND562132AAA → IND560300AAA,1.890643310546875,-114.80403,171.52333,True,HIGH,Touches high-bottleneck hub; expect elevated dwell risk. Predicted ETA materially above OSRM baseline.,2.359649658203125,26.0
IND000000ACB,IND110043AAA,10.5895,12.0,12.0,10.5895,3,Carting,4,0.043583693639714496,0.056763285024154585,0.9999999983354557,12,0.0009308833784150718,0.0030193236714975845,0.003881813538230524,13,0.7071067811865476,0.7071067811865476,0,1.0,0.0,1.0,1.0,1.0,4.057133597914491e-05,1.0038818118736863,0.042652810261299426,0.0,18.513569,IND000000ACB → IND110043AAA,1.5427974065144856,-124.650116,161.67725,True,CRITICAL,Touches high-bottleneck hub; expect elevated dwell risk. Predicted ETA materially above OSRM baseline.,6.513568878173828,12.0
IND000000ACB,IND110030AAD,15.8313,17.0,17.0,15.8313,15,Carting,1,0.043583693639714496,0.056763285024154585,0.9999999983354557,12,0.00034270843176042965,0.0018115942028985505,0.0023544732387028953,12,-0.7071067811865471,-0.7071067811865479,0,1.0,0.0,1.0,1.0,1.0,1.4936499297593568e-05,1.0023544715741586,0.043240985207954066,1.0,34.1612,IND000000ACB → IND110030AAD,2.0094824398265168,-109.00248,177.32489,True,CRITICAL,Touches high-bottleneck hub; expect elevated dwell risk. Predicted ETA materially above OSRM baseline.,5.838798522949219,40.0
IND827013AAA,IND829121AAA,27.043,19.0,19.0,27.043,17,FTL,1,0.0006811602161366167,0.0018115942028985505,0.003293435937394434,128,0.0006918899875303325,0.0012077294685990338,0.0020292110722787936,128,-0.9659258262890683,-0.25881904510252063,0,0.0,1.0,1.0,1.0,1.0,4.7128793344892233e-07,0.005322647009673227,1.0729771393715734e-05,1.0,45.16634,IND827013AAA → IND829121AAA,2.377175782856188,-97.997345,188.33002,False,MEDIUM,Predicted ETA materially above OSRM baseline.,15.166339874267578,30.0
IND201007AAB,IND201301AAF,12.125,15.0,15.0,12.125,16,Carting,2,0.00015985840407468937,0.0024154589371980675,0.003739310227547585,12,0.0012746452249213997,0.006642512077294686,0.006025233753046309,38,-0.8660254037844385,-0.5000000000000004,0,1.0,0.0,1.0,1.0,1.0,2.0376275141735843e-07,0.009764543980593895,0.0011147868208467103,0.0,36.822655,IND201007AAB → IND201301AAF,2.4548436482747396,-106.34103,179.98633,False,MEDIUM,Predicted ETA materially above OSRM baseline.,7.177345275878906,44.0
IND175018AAA,IND175001AAA,22.3218,15.0,15.0,22.3218,20,FTL,5,0.0006474238314057636,0.0012077294685990338,0.004341049382902744,7,0.000663390011091881,0.0012077294685990338,0.004535347763001287,7,-0.8660254037844386,0.5000000000000001,1,0.0,1.0,1.0,1.0,1.0,4.2949450269741764e-07,0.00887639714590403,1.59661796861174e-05,1.0,38.173344,IND175018AAA → IND175001AAA,2.5448895772298177,-104.99034,181.33702,False,MEDIUM,Predicted ETA materially above OSRM baseline.,16.826656341552734,55.0
IND110037AAM,IND110024AAA,12.8034,13.0,13.0,12.8034,2,Carting,3,0.010241046913380535,0.02717391304347826,0.1268978120710098,8,0.0014099729970970924,0.0024154589371980675,0.0016240132993767314,8,0.49999999999999994,0.8660254037844387,0,1.0,0.0,1.0,1.0,1.0,1.443959960987108e-05,0.12852182537038653,0.008831073916283442,1.0,29.803612,IND110037AAM → IND110024AAA,2.2925855196439304,-113.36007,172.96729,False,MEDIUM,Predicted ETA materially above OSRM baseline.,2.1963882446289062,32.0
IND110044AAB,IND000000ACB,13.56,13.0,13.0,13.56,21,Carting,2,0.0002729312637147161,0.004830917874396135,0.012981421030724478,12,0.043583693639714496,0.056763285024154585,0.9999999983354557,12,-0.7071067811865477,0.7071067811865474,0,1.0,0.0,1.0,1.0,1.0,1.1895352582442313e-05,1.0129814193661801,0.04331076237599978,1.0,17.252186,IND110044AAB → IND000000ACB,1.3270912170410156,-125.9115,160.41586,True,HIGH,Touches high-bottleneck hub; expect elevated dwell risk.,2.747814178466797,20.0
IND411033AAA,IND421302AAG,40.9074,33.0,33.0,40.9074,21,FTL,6,0.010710976773217756,0.025966183574879224,0.14745160154160694,83,0.015275979067222901,0.03502415458937198,0.2748907769477942,8,-0.7071067811865477,0.7071067811865474,1,0.0,1.0,1.0,1.0,1.0,0.00016362065697718515,0.42234237848940115,0.004565002294005145,0.0,81.85026,IND411033AAA → IND421302AAG,2.4803108446525806,-61.313423,225.01395,False,MEDIUM,Predicted ETA materially above OSRM baseline.,24.850257873535156,57.0
IND560099AAB,IND560060AAB,13.6208,14.0,14.0,13.6208,4,Carting,6,0.004258545528897098,0.01751207729468599,0.06018801302888092,26,0.0006660752398210037,0.0030193236714975845,0.0034275296262533295,26,0.8660254037844386,0.5000000000000001,1,1.0,0.0,1.0,1.0,1.0,2.8365117344487973e-06,0.06361554265513425,0.003592470289076094,1.0,23.757305,IND560099AAB → IND560060AAB,1.6969503675188338,-119.40637,166.92099,False,LOW,Predicted ETA materially above OSRM baseline.,5.757305145263672,18.0
IND209304AAA,IND208012AAA,10.4402,10.0,10.0,10.4402,0,Carting,2,0.011312853192402364,0.01751207729468599,0.10963897657981267,10,0.0003829623340100475,0.0012077294685990338,0.0007709337153274966,10,0.0,1.0,0,1.0,0.0,1.0,1.0,1.0,4.3323966628754265e-06,0.11040991029514016,0.010929890858392317,1.0,25.939907,IND209304AAA → IND208012AAA,2.593990707397461,-117.22377,169.10359,False,MEDIUM,Predicted ETA materially above OSRM baseline.,1.9399070739746094,24.0
IND673573AAA,IND673592AAA,29.3937,26.0,26.0,29.3937,20,FTL,3,0.00011276814232708725,0.0006038647342995169,0.00023961453314233006,12,0.0004331470596654404,0.0030193236714975845,0.003977397777013127,12,-0.8660254037844386,0.5000000000000001,0,0.0,1.0,1.0,1.0,1.0,4.8845189272911735e-08,0.004217012310155457,0.00032037891733835313,1.0,54.17495,IND673573AAA → IND673592AAA,2.083651909461388,-88.98873,197.33862,False,MEDIUM,Predicted ETA materially above OSRM baseline.,14.174949645996094,40.0
IND396321AAA,IND396580AAB,11.7822,8.0,8.0,11.7822,3,Carting,5,0.001158020093989798,0.0024154589371980675,0.0015570510153357549,60,0.0009259378225254632,0.0012077294685990338,0.0011043104570907386,60,0.7071067811865476,0.7071067811865476,1,1.0,0.0,1.0,1.0,1.0,1.0722546042696457e-06,0.0026613614724264934,0.00023208227146433484,1.0,17.817846,IND396321AAA → IND396580AAB,2.2272307872772217,-125.34583,160.98152,False,MEDIUM,Predicted ETA materially above OSRM baseline.,4.817846298217773,13.0
IND842001AAA,IND846004AAA,27.2074,20.0,20.0,27.2074,20,FTL,3,0.005042988297661629,0.016304347826086956,0.06098128080301983,24,0.0005507042281269114,0.0018115942028985505,0.002453220120129612,24,-0.8660254037844386,0.5000000000000001,0,0.0,1.0,1.0,1.0,1.0,2.7771949779167943e-06,0.06343450092314944,0.004492284069534717,1.0,43.9861,IND842001AAA → IND846004AAA,2.199304962158203,-99.17758,187.14978,False,MEDIUM,Predicted ETA materially above OSRM baseline.,4.0139007568359375,48.0
IND712311AAA,IND700088AAA,18.0795,20.0,20.0,18.0795,15,Carting,5,0.014161863916236042,0.027777777777777776,0.21831191097956232,12,0.00046599638821322,0.0012077294685990338,0.0010418023180101305,12,-0.7071067811865471,-0.7071067811865479,1,1.0,0.0,1.0,1.0,1.0,6.599377435333123e-06,0.21935371329757244,0.013695867528022822,1.0,72.02225,IND712311AAA → IND700088AAA,3.6011123657226562,-71.14143,215.18593,False,MEDIUM,Predicted ETA materially above OSRM baseline.,10.022247314453125,62.0
IND493118AAC,IND495334AAB,11.2678,10.0,10.0,11.2678,20,Carting,2,0.00011276814232708725,0.0006038647342995169,0.0005625732517254706,79,0.00020862735497832212,0.0012077294685990338,0.0011674259395585767,79,-0.8660254037844386,0.5000000000000001,0,1.0,0.0,1.0,1.0,1.0,2.3526519259519184e-08,0.0017299991912840473,9.585921265123487e-05,1.0,20.07729,IND493118AAC → IND495334AAB,2.0077289581298827,-123.086395,163.24097,False,MEDIUM,Predicted ETA materially above OSRM baseline.,2.922710418701172,23.0
IND184104AAA,IND181152AAA,28.3696,25.0,25.0,28.3696,8,FTL,4,0.0003978340736680836,0.003623188405797101,0.002890169750306636,7,0.0002779362584730704,0.0024154589371980675,0.0012048629986237576,7,0.8660254037844387,-0.4999999999999998,0,0.0,1.0,1.0,1.0,1.0,1.1057251392840702e-07,0.004095032748930394,0.00011989781519501316,1.0,40.761368,IND184104AAA → IND181152AAA,1.6304547119140624,-102.40231,183.92505,False,LOW,Predicted ETA materially above OSRM baseline.,7.7613677978515625,33.0
IND000000ACN,IND501359AAF,11.6174,9.0,9.0,11.6174,16,Carting,2,0.00020862735497832212,0.0012077294685990338,0.0005527625719325997,25,0.0004818284379472865,0.0018115942028985505,0.0016877197551764113,25,-0.8660254037844385,-0.5000000000000004,0,1.0,0.0,1.0,1.0,1.0,1.00522592562279e-07,0.002240482327109011,0.0002732010829689644,1.0,27.58023,IND000000ACN → IND501359AAF,3.0644700792100696,-115.58345,170.74391,False,MEDIUM,Predicted ETA materially above OSRM baseline.,7.580230712890625,20.0
IND560058AAB,IND560099AAB,15.9445,19.0,19.0,15.9445,6,Carting,6,0.0006627681880262177,0.003623188405797101,0.004917306941007817,26,0.004258545528897098,0.01751207729468599,0.06018801302888092,26,1.0,6.123233995736766e-17,1,1.0,0.0,1.0,1.0,1.0,2.8224285038142807e-06,0.06510531996988873,0.0035957773408708802,1.0,42.68059,IND560058AAB → IND560099AAB,2.246346925434313,-100.48309,185.84427,False,MEDIUM,Predicted ETA materially above OSRM baseline.,21.680591583251953,21.0
IND000000ACT,IND131028AAB,12.1051,21.0,21.0,12.1051,22,Carting,4,0.00011276814232708725,0.0018115942028985505,0.007073837739288787,12,0.007439379868651916,0.024154589371980676,0.12459804015308967,12,-0.5000000000000004,0.8660254037844384,0,1.0,0.0,1.0,1.0,1.0,8.389250478534069e-07,0.13167187789237847,0.007326611726324829,1.0,30.996399,IND000000ACT → IND131028AAB,1.4760189964657737,-112.16728,174.16008,False,LOW,Within normal network operating envelope.,7.99639892578125,23.0
IND421302AAG,IND400072AAB,11.4219,10.0,10.0,11.4219,3,Carting,4,0.015275979067222901,0.03502415458937198,0.2748907769477942,8,0.001761572637755638,0.013285024154589372,0.022310914226844832,8,0.7071067811865476,0.7071067811865476,0,1.0,0.0,1.0,1.0,1.0,2.6909746739747758e-05,0.297201691174639,0.013514406429467263,1.0,27.534264,IND421302AAG → IND400072AAB,2.753426361083984,-115.62942,170.69794,False,MEDIUM,Predicted ETA materially above OSRM baseline.,3.5342636108398438,24.0
IND560060AAB,IND560099AAB,18.2296,17.0,17.0,18.2296,10,Carting,6,0.0006660752398210037,0.0030193236714975845,0.0034275296262533295,26,0.004258545528897098,0.01751207729468599,0.06018801302888092,26,0.49999999999999994,-0.8660254037844387,1,1.0,0.0,1.0,1.0,1.0,2.8365117344487973e-06,0.06361554265513425,0.003592470289076094,1.0,38.647034,IND560060AAB → IND560099AAB,2.273354923023897,-104.51665,181.81071,False,MEDIUM,Predicted ETA materially above OSRM baseline.,19.64703369140625,19.0
IND713205AAB,IND723133AAA,27.3845,25.0,25.0,27.3845,23,FTL,1,0.0019447097483337465,0.010869565217391304,0.028757594794975014,108,0.000322594316965892,0.0018115942028985505,0.001150343509174329,108,-0.25881904510252157,0.9659258262890681,0,0.0,1.0,1.0,1.0,1.0,6.273523129606367e-07,0.029907938304149343,0.0016221154313678546,1.0,46.416714,IND713205AAB → IND723133AAA,1.8566685485839844,-96.74696,189.5804,False,MEDIUM,Predicted ETA materially above OSRM baseline.,11.41671371459961,35.0
IND131021AAA,IND131028AAA,10.0393,8.0,8.0,10.0393,22,Carting,2,0.00011276814232708725,0.0006038647342995169,0.000989712202109624,32,0.00020862735497832212,0.0006038647342995169,0.000989712202109624,32,-0.5000000000000004,0.8660254037844384,0,1.0,0.0,1.0,1.0,1.0,2.3526519259519184e-08,0.001979424404219248,9.585921265123487e-05,1.0,17.600481,IND131021AAA → IND131028AAA,2.2000601291656494,-125.5632,160.76416,False,MEDIUM,Predicted ETA materially above OSRM baseline.,5.600481033325195,12.0
IND828111AAA,IND826004AAA,13.187,11.0,11.0,13.187,23,Carting,4,0.00024929378694401715,0.0018115942028985505,0.0008488281803386216,128,0.0027029701855678804,0.00966183574879227,0.02415782191641018,128,-0.25881904510252157,0.9659258262890681,0,1.0,0.0,1.0,1.0,1.0,6.738336735569897e-07,0.025006650096748802,0.002453676398623863,1.0,39.859756,IND828111AAA → IND826004AAA,3.6236142245205967,-103.303925,183.02344,False,MEDIUM,Predicted ETA materially above OSRM baseline.,1.8597564697265625,38.0
IND781018AAB,IND785001AAA,26.9666,19.0,19.0,26.9666,4,FTL,2,0.004513989097708297,0.01932367149758454,0.09643968297362635,8,0.0007828763430175069,0.004830917874396135,0.015964550580836293,118,0.8660254037844386,0.5000000000000001,0,0.0,1.0,1.0,1.0,1.0,3.533895277234767e-06,0.11240423355446263,0.00373111275469079,0.0,55.131355,IND781018AAB → IND785001AAA,2.9016502781918176,-88.032326,198.29504,False,MEDIUM,Predicted ETA materially above OSRM baseline.,12.131355285644531,43.0
IND781018AAB,IND781354AAA,32.801199999999994,23.0,23.0,32.801199999999994,8,FTL,4,0.004513989097708297,0.01932367149758454,0.09643968297362635,8,0.00015198687918541702,0.0012077294685990338,0.005555739431374762,8,0.8660254037844387,-0.4999999999999998,0,0.0,1.0,1.0,1.0,1.0,6.860671156376805e-07,0.1019954224050011,0.00436200221852288,1.0,63.510487,IND781018AAB → IND781354AAA,2.761325504468835,-79.6532,206.67416,False,MEDIUM,Predicted ETA materially above OSRM baseline.,23.510486602783203,40.0
IND122004AAA,IND122413AAE,14.7099,14.0,14.0,14.7099,15,Carting,2,0.00011276814232708725,0.0012077294685990338,0.0017293918478968168,30,0.00020690533319416818,0.0006038647342995169,0.0016981377783565129,30,-0.7071067811865471,-0.7071067811865479,0,1.0,0.0,1.0,1.0,1.0,2.3332330061873367e-08,0.00342752962625333,9.413719086708093e-05,1.0,28.10443,IND122004AAA → IND122413AAE,2.0074592317853654,-115.05925,171.26811,False,MEDIUM,Predicted ETA materially above OSRM baseline.,3.104429244995117,25.0
IND721306AAA,IND721507AAA,28.5581,23.0,23.0,28.5581,6,FTL,6,0.0009335461346158757,0.004830917874396135,0.009579263446068662,108,0.0006859572282757673,0.0006038647342995169,0.0002604505795025326,108,1.0,6.123233995736766e-17,1,0.0,1.0,1.0,1.0,1.0,6.403727189686624e-07,0.009839714025571196,0.0002475889063401084,1.0,52.488274,IND721306AAA → IND721507AAA,2.282098853069803,-90.67541,195.65195,False,MEDIUM,Predicted ETA materially above OSRM baseline.,4.488273620605469,48.0
IND370110AAA,IND370001AAA,22.9042,16.0,16.0,22.9042,3,FTL,1,0.00036361935583866336,0.0018115942028985505,0.00042713895038415357,59,0.0008503998410536354,0.0030193236714975845,0.001970954336908799,59,0.7071067811865476,0.7071067811865476,0,0.0,1.0,1.0,1.0,1.0,3.092218424092246e-07,0.0023980932872929525,0.00048678048521497207,1.0,59.176952,IND370110AAA → IND370001AAA,3.698559522628784,-83.986725,202.34064,False,MEDIUM,Predicted ETA materially above OSRM baseline.,24.176952362060547,35.0
IND400011AAA,IND400072AAD,11.8593,12.0,12.0,11.8593,20,Carting,4,0.0002175301105064012,0.0024154589371980675,0.0030948861535852793,8,0.0004344999759885544,0.0024154589371980675,0.006665357313131835,8,-0.8660254037844386,0.5000000000000001,0,1.0,0.0,1.0,1.0,1.0,9.45168277918189e-08,0.009760243466717115,0.0002169698654821532,1.0,28.218716,IND400011AAA → IND400072AAD,2.351559638977051,-114.94496,171.3824,False,MEDIUM,Predicted ETA materially above OSRM baseline.,6.218715667724609,22.0
IND384205AAA,IND383001AAA,29.0639,26.0,26.0,29.0639,23,FTL,2,0.0016546350547293578,0.007246376811594202,0.01726379862116155,11,0.0005384646741720882,0.0012077294685990338,0.0019531550074847488,11,-0.25881904510252157,0.9659258262890681,0,0.0,1.0,1.0,1.0,1.0,8.909625256185589e-07,0.019216953628646297,0.0011161703805572696,1.0,41.2848,IND384205AAA → IND383001AAA,1.587876980121319,-101.878876,184.44849,False,LOW,Predicted ETA materially above OSRM baseline.,12.284801483154297,29.0
IND421302AAG,IND444005AAB,25.1441,20.0,20.0,25.1441,19,FTL,6,0.015275979067222901,0.03502415458937198,0.2748907769477942,8,0.001217877625901946,0.003623188405797101,0.017339459658414286,8,-0.9659258262890684,0.2588190451025203,1,0.0,1.0,1.0,1.0,1.0,1.860427311971725e-05,0.29223023660620845,0.014058101441320955,1.0,43.69699,IND421302AAG → IND444005AAB,2.1848495483398436,-99.46669,186.86067,False,MEDIUM,Predicted ETA materially above OSRM baseline.,5.303009033203125,49.0
IND000000ACB,IND282002AAD,27.3718,19.0,19.0,27.3718,9,FTL,6,0.043583693639714496,0.056763285024154585,0.9999999983354557,12,0.0009325306818516508,0.006642512077294686,0.013508649235741839,8,0.7071067811865476,-0.7071067811865475,1,0.0,1.0,1.0,1.0,1.0,4.064313154745642e-05,1.0135086475711976,0.042651162957862844,0.0,45.827274,IND000000ACB → IND282002AAD,2.4119618064478825,-97.33641,188.99095,True,CRITICAL,Touches high-bottleneck hub; expect elevated dwell risk. Predicted ETA materially above OSRM baseline.,14.827274322509766,31.0
IND605601AAA,IND607106AAA,10.0512,9.0,9.0,10.0512,2,Carting,4,0.0010951859243370549,0.003623188405797101,0.011124260779256991,20,0.00040461073208218905,0.0012077294685990338,0.0032787992506144977,20,0.49999999999999994,0.8660254037844387,0,1.0,0.0,1.0,1.0,1.0,4.4312397861212466e-07,0.01440306002987149,0.0006905751922548658,1.0,15.823938,IND605601AAA → IND607106AAA,1.7582153744167752,-127.339745,158.98763,False,LOW,Predicted ETA materially above OSRM baseline.,2.8239383697509766,13.0
IND641062AAD,IND638401AAA,9.7529,7.0,7.0,9.7529,20,Carting,1,0.0031953077854853405,0.009057971014492754,0.006636097668541243,103,0.0006284341746171239,0.0012077294685990338,0.0009368283716275204,103,-0.8660254037844386,0.5000000000000001,0,1.0,0.0,1.0,1.0,1.0,2.00804061081915e-06,0.007572926040168763,0.0025668736108682166,1.0,13.772985,IND641062AAD → IND638401AAA,1.967569351196289,-129.3907,156.93666,False,MEDIUM,Predicted ETA materially above OSRM baseline.,1.7729854583740234,12.0
IND110044AAB,IND110037AAM,16.9823,15.0,15.0,16.9823,0,Carting,1,0.0002729312637147161,0.004830917874396135,0.012981421030724478,12,0.010241046913380535,0.02717391304347826,0.1268978120710098,8,0.0,1.0,0,1.0,0.0,1.0,1.0,1.0,2.795101875830642e-06,0.13987923310173428,0.009968115649665819,0.0,48.631207,IND110044AAB → IND110037AAM,3.2420804341634115,-94.53247,191.79489,False,MEDIUM,Predicted ETA materially above OSRM baseline.,16.631206512451172,32.0
IND400011AAA,IND400072AAD,11.4812,11.0,11.0,11.4812,17,Carting,0,0.0002175301105064012,0.0024154589371980675,0.0030948861535852793,8,0.0004344999759885544,0.0024154589371980675,0.006665357313131835,8,-0.9659258262890683,-0.25881904510252063,0,1.0,0.0,1.0,1.0,1.0,9.45168277918189e-08,0.009760243466717115,0.0002169698654821532,1.0,25.699127,IND400011AAA → IND400072AAD,2.3362842906605112,-117.464554,168.86281,False,MEDIUM,Predicted ETA materially above OSRM baseline.,2.300872802734375,28.0
IND712311AAA,IND700065AAA,12.9796,16.0,16.0,12.9796,22,Carting,0,0.014161863916236042,0.027777777777777776,0.21831191097956232,12,0.00048694868785042816,0.0024154589371980675,0.0011355645266310423,12,-0.5000000000000004,0.8660254037844384,0,1.0,0.0,1.0,1.0,1.0,6.8961010515274665e-06,0.21944747550619337,0.013674915228385614,1.0,45.192993,IND712311AAA → IND700065AAA,2.8245620727539062,-97.97069,188.35667,False,MEDIUM,Predicted ETA materially above OSRM baseline.,4.1929931640625,41.0
IND562132AAA,IND560058AAD,14.5767,18.0,18.0,14.5767,2,Carting,6,0.027325678537934182,0.0428743961352657,0.5073641311852639,12,0.0003520550475927791,0.0024154589371980675,0.001771063940617222,12,0.49999999999999994,0.8660254037844387,1,1.0,0.0,1.0,1.0,1.0,9.620143058177401e-06,0.5091351951258811,0.0269736234903414,1.0,37.193398,IND562132AAA → IND560058AAD,2.0662998623318143,-105.97028,180.35709,True,HIGH,Touches high-bottleneck hub; expect elevated dwell risk. Predicted ETA materially above OSRM baseline.,7.193397521972656,30.0
IND560099AAB,IND560002AAA,21.2694,22.0,22.0,21.2694,3,Carting,2,0.004258545528897098,0.01751207729468599,0.06018801302888092,26,0.0004971922526559396,0.0030193236714975845,0.0029795546295089733,26,0.7071067811865476,0.7071067811865476,0,1.0,0.0,1.0,1.0,1.0,2.117315844550228e-06,0.06316756765838989,0.0037613532762411583,1.0,47.32082,IND560099AAB → IND560002AAA,2.1509463570334693,-95.842865,190.4845,False,MEDIUM,Predicted ETA materially above OSRM baseline.,9.320819854736328,38.0
IND630561AAA,IND623701AAA,28.8736,26.0,26.0,28.8736,19,FTL,1,0.0006685872681745185,0.0018115942028985505,0.002503175908966099,98,0.00017961567811407758,0.0012077294685990338,0.00026633764218047075,98,-0.9659258262890684,0.2588190451025203,0,0.0,1.0,1.0,1.0,1.0,1.200887555516048e-07,0.0027695135511465697,0.000488971590060441,1.0,50.67913,IND630561AAA → IND623701AAA,1.9491973290076623,-92.48455,193.8428,False,MEDIUM,Predicted ETA materially above OSRM baseline.,14.679130554199219,36.0
IND000000ACB,IND131028AAB,17.548299999999998,22.0,22.0,17.548299999999998,5,Carting,4,0.043583693639714496,0.056763285024154585,0.9999999983354557,12,0.007439379868651916,0.024154589371980676,0.12459804015308967,12,0.9659258262890683,0.25881904510252074,0,1.0,0.0,1.0,1.0,1.0,0.00032423565306478457,1.1245980384885454,0.03614431377106258,1.0,36.41424,IND000000ACB → IND131028AAB,1.6551928086714311,-106.749435,179.57793,True,CRITICAL,Touches high-bottleneck hub; expect elevated dwell risk. Predicted ETA materially above OSRM baseline.,15.585758209228516,52.0
IND382430AAB,IND395023AAA,35.4604,26.0,26.0,35.4604,16,FTL,0,0.004981881017124824,0.018115942028985508,0.08737990603767548,11,0.0033720001943049844,0.00966183574879227,0.05222783714158258,8,-0.8660254037844385,-0.5000000000000004,0,0.0,1.0,1.0,1.0,1.0,1.6798903757749218e-05,0.13960774317925806,0.0016098808228198393,0.0,58.34961,IND382430AAB → IND395023AAA,2.2442157451923075,-84.81407,201.51329,False,MEDIUM,Predicted ETA materially above OSRM baseline.,13.349609375,45.0
IND123001AAA,IND123401AAB,23.5544,25.0,25.0,23.5544,17,FTL,1,0.0002985944675947444,0.0018115942028985505,0.0030539473299600653,48,0.0003665910347363696,0.0018115942028985505,0.0033524259418596203,48,-0.9659258262890683,-0.25881904510252063,0,0.0,1.0,1.0,1.0,1.0,1.0946205484211272e-07,0.006406373271819686,6.799656714162518e-05,1.0,38.08517,IND123001AAA → IND123401AAB,1.5234068298339845,-105.07851,181.24886,False,LOW,Predicted ETA materially above OSRM baseline.,5.085170745849609,33.0
IND421302AAG,IND400701AAB,10.5795,10.0,10.0,10.5795,21,Carting,6,0.015275979067222901,0.03502415458937198,0.2748907769477942,8,0.0001881038286437993,0.0018115942028985505,0.0010105482484698267,8,-0.7071067811865477,0.7071067811865474,1,1.0,0.0,1.0,1.0,1.0,2.8734701488271614e-06,0.275901325196264,0.015087875238579102,1.0,21.564672,IND421302AAG → IND400701AAB,2.156467247009277,-121.59901,164.72835,False,MEDIUM,Predicted ETA materially above OSRM baseline.,3.5646724700927734,18.0
IND411033AAA,IND421302AAG,33.4541,25.0,25.0,33.4541,21,FTL,4,0.010710976773217756,0.025966183574879224,0.14745160154160694,83,0.015275979067222901,0.03502415458937198,0.2748907769477942,8,-0.7071067811865477,0.7071067811865474,0,0.0,1.0,1.0,1.0,1.0,0.00016362065697718515,0.42234237848940115,0.004565002294005145,0.0,68.55931,IND411033AAA → IND421302AAG,2.7423724365234374,-74.60437,211.72299,False,MEDIUM,Predicted ETA materially above OSRM baseline.,7.4406890869140625,76.0
IND600016AAA,IND600119AAA,12.4241,11.0,11.0,12.4241,7,Carting,1,0.00011276814232708725,0.0006038647342995169,0.0001562703477015196,19,0.0011346657598097067,0.0018115942028985505,0.0012447130611824711,19,0.9659258262890683,-0.25881904510252063,0,1.0,0.0,1.0,1.0,1.0,1.2795414989589359e-07,0.0014009834088839906,0.0010218976174826194,1.0,28.032024,IND600016AAA → IND600119AAA,2.5483658530495386,-115.13165,171.19571,False,MEDIUM,Predicted ETA materially above OSRM baseline.,8.032024383544922,20.0
IND600044AAD,IND603001AAA,12.0114,9.0,9.0,12.0114,0,Carting,1,0.0011347686760551832,0.006038647342995169,0.009263450552368938,93,0.00046357878572626907,0.0012077294685990338,0.0016748887285027772,93,0.0,1.0,0,1.0,0.0,1.0,1.0,1.0,5.260546849258678e-07,0.010938339280871715,0.0006711898903289141,1.0,23.949324,IND600044AAD → IND603001AAA,2.6610359615749783,-119.214355,167.113,False,MEDIUM,Predicted ETA materially above OSRM baseline.,5.949323654174805,18.0
IND506002AAA,IND506132AAA,24.5103,26.0,26.0,24.5103,23,FTL,6,0.0015267280289938383,0.003623188405797101,0.01395771714792581,83,0.0007780606156960808,0.0012077294685990338,0.0028246412643452646,83,-0.25881904510252157,0.9659258262890681,1,0.0,1.0,1.0,1.0,1.0,1.1878869502394098e-06,0.016782358412271076,0.0007486674132977575,1.0,35.38748,IND506002AAA → IND506132AAA,1.3610569880558894,-107.7762,178.55116,False,LOW,Within normal network operating envelope.,11.387481689453125,24.0
IND151506AAA,IND151001AAA,26.2423,25.0,25.0,26.2423,1,FTL,6,0.000402161953509165,0.0012077294685990338,0.0018833587477573755,7,0.0014887595057234298,0.006038647342995169,0.012450993783453242,7,0.25881904510252074,0.9659258262890683,1,0.0,1.0,1.0,1.0,1.0,5.987224311270735e-07,0.014334352531210617,0.0010865975522142647,1.0,46.43444,IND151506AAA → IND151001AAA,1.8573776245117188,-96.72924,189.59811,False,MEDIUM,Predicted ETA materially above OSRM baseline.,20.43444061279297,26.0
IND362001AAA,IND360370AAA,23.3807,16.0,16.0,23.3807,1,FTL,3,0.0018876461853303487,0.004227053140096618,0.003932501715800166,55,0.0002734724341680632,0.0012077294685990338,0.00022111467473386599,55,0.25881904510252074,0.9659258262890683,0,0.0,1.0,1.0,1.0,1.0,5.162191971503494e-07,0.004153616390534032,0.0016141737511622856,1.0,31.890331,IND362001AAA → IND360370AAA,1.9931457042694092,-111.273346,175.05402,False,MEDIUM,Predicted ETA materially above OSRM baseline.,6.890331268310547,25.0
IND400072AAB,IND000000AFT,12.1011,10.0,10.0,12.1011,6,Carting,1,0.001761572637755638,0.013285024154589372,0.022310914226844832,8,0.0009618180515248028,0.00785024154589372,0.013014081192968758,8,1.0,6.123233995736766e-17,0,1.0,0.0,1.0,1.0,1.0,1.6943123620655351e-06,0.03532499541981359,0.0007997545862308353,1.0,27.061344,IND400072AAB → IND000000AFT,2.7061344146728517,-116.10234,170.22502,False,MEDIUM,Predicted ETA materially above OSRM baseline.,7.061344146728516,20.0
IND411033AAA,IND416012AAA,24.7716,18.0,18.0,24.7716,6,FTL,1,0.010710976773217756,0.025966183574879224,0.14745160154160694,83,0.0021416746613248006,0.006038647342995169,0.028776574310338678,8,1.0,6.123233995736766e-17,0,0.0,1.0,1.0,1.0,1.0,2.2939427553238943e-05,0.1762281758519456,0.008569302111892956,0.0,47.84597,IND411033AAA → IND416012AAA,2.6581094529893665,-95.31771,191.00964,False,MEDIUM,Predicted ETA materially above OSRM baseline.,5.845970153808594,42.0
IND712311AAA,IND000000ACB,25.7736,28.0,28.0,25.7736,14,FTL,6,0.014161863916236042,0.027777777777777776,0.21831191097956232,12,0.043583693639714496,0.056763285024154585,0.9999999983354557,12,-0.4999999999999997,-0.8660254037844388,1,0.0,1.0,1.0,1.0,1.0,0.000617226338292559,1.218311909315018,0.029421829723478454,1.0,31.779158,IND712311AAA → IND000000ACB,1.134969915662493,-111.38452,174.94284,True,HIGH,Touches high-bottleneck hub; expect elevated dwell risk.,40.220842361450195,72.0
IND505122AAA,IND506002AAA,25.904400000000003,19.0,19.0,25.904400000000003,23,FTL,6,0.0002920268866427821,0.0018115942028985505,0.0019489036037741358,83,0.0015267280289938383,0.003623188405797101,0.01395771714792581,83,-0.25881904510252157,0.9659258262890681,1,0.0,1.0,1.0,1.0,1.0,4.458456330573418e-07,0.015906620751699945,0.0012347011423510562,1.0,49.094505,IND505122AAA → IND506002AAA,2.583921332108347,-94.069176,192.25818,False,MEDIUM,Predicted ETA materially above OSRM baseline.,8.094505310058594,41.0
IND600056AAB,IND562132AAA,27.3549,30.0,30.0,27.3549,17,FTL,4,0.008609840295943885,0.021739130434782608,0.10264681853382264,12,0.027325678537934182,0.0428743961352657,0.5073641311852639,12,-0.9659258262890683,-0.25881904510252063,0,0.0,1.0,1.0,1.0,1.0,0.0002352697281899147,0.6100109497190865,0.018715838241990298,1.0,48.2219,IND600056AAB → IND562132AAA,1.607396697998047,-94.94178,191.38559,True,MEDIUM,Touches high-bottleneck hub; expect elevated dwell risk. Predicted ETA materially above OSRM baseline.,11.221900939941406,37.0
IND821115AAB,IND802101AAA,28.0848,20.0,20.0,28.0848,22,FTL,5,0.0025354959441283385,0.006642512077294686,0.024698682676554867,12,0.00020857820820792666,0.0018115942028985505,0.0017656305902429253,12,-0.5000000000000004,0.8660254037844384,1,0.0,1.0,1.0,1.0,1.0,5.288492009447542e-07,0.026464313266797792,0.002326917735920412,1.0,44.50668,IND821115AAB → IND802101AAA,2.2253339767456053,-98.657,187.67036,False,MEDIUM,Predicted ETA materially above OSRM baseline.,7.493320465087891,52.0
IND523002AAA,IND523226AAA,19.9505,19.0,19.0,19.9505,19,FTL,3,0.0018472804764781297,0.005434782608695652,0.013974066309214866,83,0.00015617816635357255,0.0012077294685990338,0.002480846499401922,6,-0.9659258262890684,0.2588190451025203,0,0.0,1.0,1.0,1.0,1.0,2.885048775571081e-07,0.016454912808616787,0.0016911023101245572,0.0,40.282936,IND523002AAA → IND523226AAA,2.120154531378495,-102.880745,183.44662,False,MEDIUM,Predicted ETA materially above OSRM baseline.,8.282936096191406,32.0
IND000000AEM,IND110037AAB,13.4402,14.0,14.0,13.4402,8,Carting,5,0.00011276814232708725,0.0012077294685990338,0.0011980726657116502,28,0.00015491314099271638,0.0006038647342995169,0.0005209011590050652,28,0.8660254037844387,-0.4999999999999998,1,1.0,0.0,1.0,1.0,1.0,1.7469267131802775e-08,0.0017189738247167154,4.2144998665629124e-05,1.0,32.537308,IND000000AEM → IND110037AAB,2.3240934099469865,-110.62637,175.70099,False,MEDIUM,Predicted ETA materially above OSRM baseline.,0.5373077392578125,32.0
IND382430AAB,IND380015AAB,11.9962,9.0,9.0,11.9962,4,Carting,0,0.004981881017124824,0.018115942028985508,0.08737990603767548,11,0.00027332447897519867,0.0006038647342995169,0.0006771715067065849,11,0.8660254037844386,0.5000000000000001,0,1.0,0.0,1.0,1.0,1.0,1.3616700333220752e-06,0.08805707754438206,0.004708556538149625,1.0,25.897398,IND382430AAB → IND380015AAB,2.8774886661105685,-117.26628,169.06108,False,MEDIUM,Predicted ETA materially above OSRM baseline.,0.10260200500488281,26.0
IND821115AAB,IND821109AAA,36.3186,26.0,26.0,36.3186,23,FTL,1,0.0025354959441283385,0.006642512077294686,0.024698682676554867,12,0.0001846256917377168,0.0012077294685990338,0.0017760486134230267,123,-0.25881904510252157,0.9659258262890681,0,0.0,1.0,1.0,1.0,1.0,4.6811769258286987e-07,0.026474731289977894,0.0023508702523906216,0.0,65.5166,IND821115AAB → IND821109AAA,2.5198692908653846,-77.64708,208.68028,False,MEDIUM,Predicted ETA materially above OSRM baseline.,24.5166015625,41.0
IND421302AAG,IND413002AAA,24.5941,17.0,17.0,24.5941,20,FTL,3,0.015275979067222901,0.03502415458937198,0.2748907769477942,8,0.0021080625673289373,0.006038647342995169,0.018301452295654417,83,-0.8660254037844386,0.5000000000000001,0,0.0,1.0,1.0,1.0,1.0,3.220271965091301e-05,0.2931922292434486,0.013167916499893965,0.0,31.30114,IND421302AAG → IND413002AAA,1.8412435195025276,-111.86254,174.46481,False,MEDIUM,Predicted ETA materially above OSRM baseline.,3.3011398315429688,28.0
IND756019AAA,IND757025AAA,26.2825,18.0,18.0,26.2825,11,FTL,5,0.0009845459703956001,0.004830917874396135,0.010310862136989528,114,0.0005570066322853443,0.0012077294685990338,0.0015364340802806965,114,0.258819045102521,-0.9659258262890682,1,0.0,1.0,1.0,1.0,1.0,5.483986353001595e-07,0.011847296217270225,0.00042753933811025583,1.0,43.974125,IND756019AAA → IND757025AAA,2.4430069393581815,-99.18956,187.1378,False,MEDIUM,Predicted ETA materially above OSRM baseline.,6.974124908447266,37.0
IND142001AAB,IND152026AAA,24.6176,17.0,17.0,24.6176,14,FTL,4,0.0008010550586147225,0.0024154589371980675,0.006947377208089762,7,0.0013461118045878925,0.00785024154589372,0.010728570014454186,7,-0.4999999999999997,-0.8660254037844388,0,0.0,1.0,1.0,1.0,1.0,1.0783096705261242e-06,0.017675947222543946,0.00054505674597317,1.0,39.435524,IND142001AAB → IND152026AAA,2.3197367051068474,-103.72816,182.59921,False,MEDIUM,Predicted ETA materially above OSRM baseline.,15.435523986816406,24.0
IND411033AAA,IND411014AAA,31.4847,30.0,30.0,31.4847,19,Carting,5,0.010710976773217756,0.025966183574879224,0.14745160154160694,83,0.0007530136406554783,0.003623188405797101,0.004649119563290026,83,-0.9659258262890684,0.2588190451025203,1,1.0,0.0,1.0,1.0,1.0,8.06551161497697e-06,0.15210072110489697,0.009957963132562277,1.0,99.21136,IND411033AAA → IND411014AAA,3.3070452372233072,-43.952324,242.37503,False,MEDIUM,Predicted ETA materially above OSRM baseline.,43.21135711669922,56.0
IND560300AAA,IND562132AAA,13.9251,21.0,21.0,13.9251,8,Carting,4,0.0028401323663667655,0.00966183574879227,0.03611691289748769,26,0.027325678537934182,0.0428743961352657,0.5073641311852639,12,0.8660254037844387,-0.4999999999999998,0,1.0,0.0,1.0,1.0,1.0,7.760854404852054e-05,0.5434810440827516,0.024485546171567417,0.0,37.28346,IND560300AAA → IND562132AAA,1.7754027957007998,-105.88022,180.44714,True,MEDIUM,Touches high-bottleneck hub; expect elevated dwell risk. Predicted ETA materially above OSRM baseline.,10.283458709716797,27.0
IND131028AAB,IND136118AAA,23.5188,19.0,19.0,23.5188,19,FTL,2,0.007439379868651916,0.024154589371980676,0.12459804015308967,12,0.0004982624832604607,0.0012077294685990338,0.003538532931077227,12,-0.9659258262890684,0.2588190451025203,0,0.0,1.0,1.0,1.0,1.0,3.7067638872723836e-06,0.1281365730841669,0.006941117385391456,1.0,36.900745,IND131028AAB → IND136118AAA,1.9421444943076687,-106.26294,180.06442,False,MEDIUM,Predicted ETA materially above OSRM baseline.,8.900745391845703,28.0
IND431603AAA,IND431401AAA,11.4043,8.0,8.0,11.4043,1,Carting,2,0.0016318356519742997,0.004830917874396135,0.011967420127860784,83,0.00018892424450323817,0.0006038647342995169,4.167209272040522e-05,83,0.25881904510252074,0.9659258262890683,0,1.0,0.0,1.0,1.0,1.0,3.082933177026937e-07,0.01200909222058119,0.0014429114074710615,1.0,34.782673,IND431603AAA → IND431401AAA,4.34783411026001,-108.38101,177.94635,False,MEDIUM,Predicted ETA materially above OSRM baseline.,4.782672882080078,30.0
IND131028AAB,IND136118AAA,24.9296,20.0,20.0,24.9296,18,FTL,6,0.007439379868651916,0.024154589371980676,0.12459804015308967,12,0.0004982624832604607,0.0012077294685990338,0.003538532931077227,12,-1.0,-1.8369701987210297e-16,1,0.0,1.0,1.0,1.0,1.0,3.7067638872723836e-06,0.1281365730841669,0.006941117385391456,1.0,36.396797,IND131028AAB → IND136118AAA,1.819839859008789,-106.766884,179.56049,False,MEDIUM,Predicted ETA materially above OSRM baseline.,4.396797180175781,32.0
IND562132AAA,IND751002AAB,25.0167,17.0,17.0,25.0167,17,FTL,0,0.027325678537934182,0.0428743961352657,0.5073641311852639,12,0.008700534403360492,0.01147342995169082,0.07838240792197895,12,-0.9659258262890683,-0.25881904510252063,0,0.0,1.0,1.0,1.0,1.0,0.0002377480062144658,0.5857465391072428,0.01862514413457369,1.0,32.106888,IND562132AAA → IND751002AAB,1.8886404598460478,-111.05679,175.27057,True,HIGH,Touches high-bottleneck hub; expect elevated dwell risk. Predicted ETA materially above OSRM baseline.,13.893112182617188,46.0
IND411033AAA,IND421302AAG,28.3507,21.0,21.0,28.3507,6,FTL,1,0.010710976773217756,0.025966183574879224,0.14745160154160694,83,0.015275979067222901,0.03502415458937198,0.2748907769477942,8,1.0,6.123233995736766e-17,0,0.0,1.0,1.0,1.0,1.0,0.00016362065697718515,0.42234237848940115,0.004565002294005145,0.0,79.653046,IND411033AAA → IND421302AAG,3.793002174014137,-63.510635,222.81673,False,MEDIUM,Predicted ETA materially above OSRM baseline.,6.346954345703125,86.0
IND362001AAA,IND360575AAA,10.0616,7.0,7.0,10.0616,1,Carting,5,0.0018876461853303487,0.004227053140096618,0.003932501715800166,55,0.0010127121766365524,0.0012077294685990338,0.0015754576881470356,55,0.25881904510252074,0.9659258262890683,1,1.0,0.0,1.0,1.0,1.0,1.9116422770655824e-06,0.005507959403947202,0.0008749340086937963,1.0,9.801669,IND362001AAA → IND360575AAA,1.4002384458269392,-133.36201,152.96535,False,LOW,Within normal network operating envelope.,0.19833087921142578,10.0
IND306401AAB,IND305001AAC,17.0875,16.0,16.0,17.0875,10,Carting,2,0.0023258118037830003,0.004227053140096618,0.02824452273942036,11,0.002988234922925943,0.005434782608695652,0.02350664113000858,11,0.49999999999999994,-0.8660254037844387,0,1.0,0.0,1.0,1.0,1.0,6.9500720562177425e-06,0.051751163869428934,0.0006624231191429426,1.0,50.968056,IND306401AAB → IND305001AAC,3.1855034828186035,-92.195625,194.13174,False,MEDIUM,Predicted ETA materially above OSRM baseline.,18.968055725097656,32.0
IND416012AAA,IND591237AAB,25.7364,19.0,19.0,25.7364,19,FTL,3,0.0021416746613248006,0.006038647342995169,0.028776574310338678,8,0.00018831985035237567,0.0012077294685990338,0.003618358981902617,8,-0.9659258262890684,0.2588190451025203,0,0.0,1.0,1.0,1.0,1.0,4.0331985172416127e-07,0.032394933292241294,0.001953354810972425,1.0,40.75442,IND416012AAA → IND591237AAB,2.1449695386384664,-102.409256,183.9181,False,MEDIUM,Predicted ETA materially above OSRM baseline.,6.754421234130859,34.0
IND110044AAB,IND000000ACB,14.1932,13.0,13.0,14.1932,7,Carting,5,0.0002729312637147161,0.004830917874396135,0.012981421030724478,12,0.043583693639714496,0.056763285024154585,0.9999999983354557,12,0.9659258262890683,-0.25881904510252063,1,1.0,0.0,1.0,1.0,1.0,1.1895352582442313e-05,1.0129814193661801,0.04331076237599978,1.0,21.446568,IND110044AAB → IND000000ACB,1.6497359642615685,-121.71712,164.61024,True,CRITICAL,Touches high-bottleneck hub; expect elevated dwell risk. Predicted ETA materially above OSRM baseline.,2.5534324645996094,24.0
IND363520AAC,IND363001AAA,28.8149,26.0,26.0,28.8149,22,FTL,3,0.00011276814232708725,0.0006038647342995169,0.0003958848808438496,57,0.00020862735497832212,0.0012077294685990338,0.0006783861934810458,57,-0.5000000000000004,0.8660254037844384,0,0.0,1.0,1.0,1.0,1.0,2.3526519259519184e-08,0.0010742710743248953,9.585921265123487e-05,1.0,41.39438,IND363520AAC → IND363001AAA,1.5920914870042067,-101.7693,184.55806,False,LOW,Predicted ETA materially above OSRM baseline.,11.394378662109375,30.0
IND788026AAC,IND781018AAB,53.659,45.0,45.0,53.659,19,FTL,3,0.0007979457490561846,0.004830917874396135,0.010809804868095078,8,0.004513989097708297,0.01932367149758454,0.09643968297362635,8,-0.9659258262890684,0.2588190451025203,0,0.0,1.0,1.0,1.0,1.0,3.6019184118022975e-06,0.10724948784172142,0.003716043348652112,1.0,90.73853,IND788026AAC → IND781018AAB,2.016411844889323,-52.425148,233.90222,False,MEDIUM,Predicted ETA materially above OSRM baseline.,30.73853302001953,60.0
IND834002AAB,IND832109AAB,37.859300000000005,30.0,30.0,37.859300000000005,17,FTL,0,0.003247399803026115,0.007246376811594202,0.040746631092859156,128,0.00029307050595073165,0.0012077294685990338,0.0018231540565177284,128,-0.9659258262890683,-0.25881904510252063,0,0.0,1.0,1.0,1.0,1.0,9.517171032971698e-07,0.042569785149376885,0.0029543292970753833,1.0,69.67968,IND834002AAB → IND832109AAB,2.322655995686849,-73.484,212.84335,False,MEDIUM,Predicted ETA materially above OSRM baseline.,25.67967987060547,44.0
IND641062AAD,IND642126AAA,11.4709,12.0,12.0,11.4709,21,Carting,1,0.0031953077854853405,0.009057971014492754,0.006636097668541243,103,0.0011376889269341726,0.0018115942028985505,0.0019376591259016593,103,-0.7071067811865477,0.7071067811865474,0,1.0,0.0,1.0,1.0,1.0,3.6352662856932246e-06,0.008573756794442902,0.002057618858551168,1.0,15.258058,IND641062AAD → IND642126AAA,1.271504799524943,-127.905624,158.42174,False,LOW,Within normal network operating envelope.,1.7419424057006836,17.0
IND211002AAB,IND211011AAA,10.0319,7.0,7.0,10.0319,3,Carting,4,0.00284204930035725,0.006038647342995169,0.02071750533891423,10,0.000238865058466434,0.0012077294685990338,0.0018698108220439383,10,0.7071067811865476,0.7071067811865476,0,1.0,0.0,1.0,1.0,1.0,6.788662722943224e-07,0.02258731616095817,0.002603184241890816,1.0,26.821848,IND211002AAB → IND211011AAA,3.831692559378488,-116.341835,169.98553,False,MEDIUM,Predicted ETA materially above OSRM baseline.,4.178152084350586,31.0
IND110052AAA,IND000000ACB,14.4715,13.0,13.0,14.4715,21,Carting,1,0.0001350524010297594,0.0012077294685990338,0.0007709337153274966,12,0.043583693639714496,0.056763285024154585,0.9999999983354557,12,-0.7071067811865477,0.7071067811865474,0,1.0,0.0,1.0,1.0,1.0,5.886082471788897e-06,1.0007709320507832,0.043448641238684735,1.0,29.144903,IND110052AAA → IND000000ACB,2.2419156294602613,-114.018776,172.30858,True,CRITICAL,Touches high-bottleneck hub; expect elevated dwell risk. Predicted ETA materially above OSRM baseline.,9.144903182983398,20.0
IND421302AAG,IND400072AAJ,11.2915,11.0,11.0,11.2915,1,Carting,5,0.015275979067222901,0.03502415458937198,0.2748907769477942,8,0.0012437824255957673,0.0018115942028985505,0.0018844638788792644,8,0.25881904510252074,0.9659258262890683,1,1.0,0.0,1.0,1.0,1.0,1.8999994297580667e-05,0.27677524082667343,0.014032196641627134,1.0,33.13406,IND421302AAG → IND400072AAJ,3.012187264182351,-110.02962,176.29774,False,MEDIUM,Predicted ETA materially above OSRM baseline.,2.8659400939941406,36.0
IND201306AAA,IND201301AAF,10.8935,14.0,14.0,10.8935,8,Carting,2,0.00011276814232708725,0.0012077294685990338,0.0001666883708816209,38,0.0012746452249213997,0.006642512077294686,0.006025233753046309,38,0.8660254037844387,-0.4999999999999998,0,1.0,0.0,1.0,1.0,1.0,1.4373937414047853e-07,0.006191922123927929,0.0011618770825943124,1.0,33.612324,IND201306AAA → IND201301AAF,2.4008802686418806,-109.55136,176.776,False,MEDIUM,Predicted ETA materially above OSRM baseline.,8.612323760986328,25.0
IND110037AAM,IND421302AAG,25.4998,21.0,21.0,25.4998,22,FTL,2,0.010241046913380535,0.02717391304347826,0.1268978120710098,8,0.015275979067222901,0.03502415458937198,0.2748907769477942,8,-0.5000000000000004,0.8660254037844384,0,0.0,1.0,1.0,1.0,1.0,0.00015644201827524874,0.401788589018804,0.005034932153842367,1.0,77.45872,IND110037AAM → IND421302AAG,3.6885103498186385,-65.70496,220.6224,False,MEDIUM,Predicted ETA materially above OSRM baseline.,26.541282653808594,104.0
IND136118AAA,IND136128AAA,22.476,20.0,20.0,22.476,18,FTL,3,0.0004982624832604607,0.0012077294685990338,0.003538532931077227,12,0.0005364223216398658,0.0012077294685990338,0.002249111060238199,33,-1.0,-1.8369701987210297e-16,0,0.0,1.0,1.0,1.0,1.0,2.672791180566211e-07,0.005787643991315426,3.8159838379405136e-05,0.0,34.657097,IND136118AAA → IND136128AAA,1.7328548431396484,-108.506584,177.82077,False,LOW,Predicted ETA materially above OSRM baseline.,7.657096862792969,27.0
IND000000ACT,IND000000ACB,27.2746,25.0,25.0,27.2746,19,FTL,5,0.00011276814232708725,0.0018115942028985505,0.007073837739288787,12,0.043583693639714496,0.056763285024154585,0.9999999983354557,12,-0.9659258262890684,0.2588190451025203,1,0.0,1.0,1.0,1.0,1.0,4.914852167503492e-06,1.0070738360747444,0.04347092549738741,1.0,31.46134,IND000000ACT → IND000000ACB,1.258453598022461,-111.70234,174.62502,True,HIGH,Touches high-bottleneck hub; expect elevated dwell risk.,4.538660049438477,36.0
IND560300AAB,IND563130AAA,10.7689,10.0,10.0,10.7689,22,Carting,1,0.0009368510781482995,0.004227053140096618,0.004060134619066706,26,0.00037844018891473267,0.0018115942028985505,0.004843637054693712,26,-0.5000000000000004,0.8660254037844384,0,1.0,0.0,1.0,1.0,1.0,3.5454209899941347e-07,0.008903771673760417,0.0005584108892335668,1.0,18.359022,IND560300AAB → IND563130AAA,1.835902214050293,-124.80466,161.5227,False,MEDIUM,Predicted ETA materially above OSRM baseline.,3.3590221405029297,15.0
IND560300AAA,IND560099AAB,14.8874,18.0,18.0,14.8874,12,Carting,2,0.0028401323663667655,0.00966183574879227,0.03611691289748769,26,0.004258545528897098,0.01751207729468599,0.06018801302888092,26,1.2246467991473532e-16,-1.0,0,1.0,0.0,1.0,1.0,1.0,1.2094832990267124e-05,0.0963049259263686,0.0014184131625303324,1.0,49.12729,IND560300AAA → IND560099AAB,2.7292938232421875,-94.03639,192.29097,False,MEDIUM,Predicted ETA materially above OSRM baseline.,8.872711181640625,58.0
IND333031AAA,IND331023AAA,28.6217,21.0,21.0,28.6217,23,FTL,6,0.00034089338574580595,0.0018115942028985505,0.0026230547635999572,51,0.0004025769373002308,0.0012077294685990338,0.002171435706532218,51,-0.25881904510252157,0.9659258262890681,1,0.0,1.0,1.0,1.0,1.0,1.372358151794527e-07,0.004794490470132175,6.168355155442484e-05,1.0,35.603065,IND333031AAA → IND331023AAA,1.6953840709867931,-107.560616,178.76675,False,LOW,Predicted ETA materially above OSRM baseline.,15.396934509277344,51.0
IND501359AAE,IND523002AAA,25.2588,21.0,21.0,25.2588,23,FTL,0,0.01826415241952068,0.034420289855072464,0.24473683859850032,83,0.0018472804764781297,0.005434782608695652,0.013974066309214866,83,-0.25881904510252157,0.9659258262890681,0,0.0,1.0,1.0,1.0,1.0,3.373901218400135e-05,0.2587109049077152,0.01641687194304255,1.0,29.600498,IND501359AAE → IND523002AAA,1.4095475333077567,-113.56319,172.76418,False,LOW,Within normal network operating envelope.,5.399501800537109,35.0
IND209304AAA,IND209801AAA,14.0618,9.0,9.0,14.0618,0,Carting,3,0.011312853192402364,0.01751207729468599,0.10963897657981267,10,0.0006853225008933601,0.0012077294685990338,0.0011459825498111435,10,0.0,1.0,0,1.0,0.0,1.0,1.0,1.0,7.75295284205662e-06,0.11078495912962381,0.010627530691509004,1.0,28.13947,IND209304AAA → IND209801AAA,3.1266076829698353,-115.024216,171.30315,False,MEDIUM,Predicted ETA materially above OSRM baseline.,14.139469146728516,14.0
IND131028AAB,IND000000ACB,22.7346,28.0,28.0,22.7346,13,Carting,3,0.007439379868651916,0.024154589371980676,0.12459804015308967,12,0.043583693639714496,0.056763285024154585,0.9999999983354557,12,-0.2588190451025208,-0.9659258262890683,0,1.0,0.0,1.0,1.0,1.0,0.00032423565306478457,1.1245980384885454,0.03614431377106258,1.0,37.77261,IND131028AAB → IND000000ACB,1.3490217753819056,-105.39107,180.9363,True,HIGH,Touches high-bottleneck hub; expect elevated dwell risk.,16.77260971069336,21.0
IND388121AAA,IND388620AAB,10.8873,10.0,10.0,10.8873,2,Carting,5,0.00014555663392525596,0.0012077294685990338,0.0012373317549385224,11,0.00023652244005479986,0.0012077294685990338,0.001900441178141623,11,0.49999999999999994,0.8660254037844387,1,1.0,0.0,1.0,1.0,1.0,3.44274102221648e-08,0.0031377729330801457,9.09658061295439e-05,1.0,12.347958,IND388121AAA → IND388620AAB,1.2347957611083984,-130.81572,155.51164,False,LOW,Within normal network operating envelope.,0.6520423889160156,13.0
IND411033AAA,IND000000AAL,17.3895,20.0,20.0,17.3895,5,Carting,2,0.010710976773217756,0.025966183574879224,0.14745160154160694,83,0.00019203213006590859,0.0012077294685990338,0.0007188435994269901,83,0.9659258262890683,0.25881904510252074,0,1.0,0.0,1.0,1.0,1.0,2.056851684847478e-06,0.14817044514103392,0.010518944643151847,1.0,52.755806,IND411033AAA → IND000000AAL,2.637790298461914,-90.407875,195.9195,False,MEDIUM,Predicted ETA materially above OSRM baseline.,15.244194030761719,68.0
IND421302AAF,IND421302AAR,11.4232,9.0,9.0,11.4232,23,Carting,3,0.00012114240866088214,0.0012077294685990338,0.00012501627816121567,8,0.0010139985304355931,0.005434782608695652,0.0051600236713078545,8,-0.25881904510252157,0.9659258262890681,0,1.0,0.0,1.0,1.0,1.0,1.2283822435556256e-07,0.00528503994946907,0.000892856121774711,1.0,34.58464,IND421302AAF → IND421302AAR,3.842737833658854,-108.57904,177.74832,False,MEDIUM,Predicted ETA materially above OSRM baseline.,11.584640502929688,23.0
IND233001AAA,IND275503AAA,24.5028,17.0,17.0,24.5028,14,FTL,3,0.0004965582757973672,0.0018115942028985505,0.003561737905499946,10,0.000589274481292597,0.0018115942028985505,0.002131306087181954,10,-0.4999999999999997,-0.8660254037844388,0,0.0,1.0,1.0,1.0,1.0,2.9260912040203986e-07,0.0056930439926819,9.271620549522984e-05,1.0,45.903175,IND233001AAA → IND275503AAA,2.7001867855296418,-97.260506,189.06686,False,MEDIUM,Predicted ETA materially above OSRM baseline.,25.096824645996094,71.0
IND521225AAB,IND521201AAA,23.6554,25.0,25.0,23.6554,19,FTL,4,0.003661440956086341,0.00966183574879227,0.034874450514481035,83,0.0005358296152483557,0.0012077294685990338,0.002480846499401922,83,-0.9659258262890684,0.2588190451025203,0,0.0,1.0,1.0,1.0,1.0,1.9619084987543154e-06,0.03735529701388296,0.0031256113408379854,1.0,35.396538,IND521225AAB → IND521201AAA,1.4158615112304687,-107.76714,178.56021,False,LOW,Within normal network operating envelope.,0.6034622192382812,36.0
IND282001AAF,IND283122AAB,12.3835,11.0,11.0,12.3835,2,Carting,0,0.00011276814232708725,0.0006038647342995169,0.00040630290402395095,47,0.00020862735497832212,0.0018115942028985505,0.0013605260029380464,47,0.49999999999999994,0.8660254037844387,0,1.0,0.0,1.0,1.0,1.0,2.3526519259519184e-08,0.0017668289069619975,9.585921265123487e-05,1.0,21.32833,IND282001AAF → IND283122AAB,1.938939007845792,-121.83535,164.492,False,MEDIUM,Predicted ETA materially above OSRM baseline.,9.328329086303711,12.0
IND421302AAG,IND000000AFT,14.4379,12.0,12.0,14.4379,9,Carting,2,0.015275979067222901,0.03502415458937198,0.2748907769477942,8,0.0009618180515248028,0.00785024154589372,0.013014081192968758,8,0.7071067811865476,-0.7071067811865475,0,1.0,0.0,1.0,1.0,1.0,1.4692712421570006e-05,0.28790485814076294,0.014314161015698098,1.0,34.84152,IND421302AAG → IND000000AFT,2.9034598668416343,-108.32216,178.0052,False,MEDIUM,Predicted ETA materially above OSRM baseline.,13.15848159790039,48.0
IND332404AAA,IND332001AAB,23.7464,18.0,18.0,23.7464,13,FTL,6,0.00023117363671396282,0.0018115942028985505,0.0005625732517254706,51,0.000791310026456032,0.005434782608695652,0.01855568260566028,51,-0.2588190451025208,-0.9659258262890683,1,0.0,1.0,1.0,1.0,1.0,1.8293001658406303e-07,0.01911825585738575,0.0005601363897420692,1.0,40.046154,IND332404AAA → IND332001AAB,2.2247863345675998,-103.11752,183.20984,False,MEDIUM,Predicted ETA materially above OSRM baseline.,19.046154022216797,21.0
IND632402AAA,IND631102AAA,25.2898,23.0,23.0,25.2898,10,FTL,2,0.00015559546401829174,0.0012077294685990338,0.0009143730363553819,26,0.0002450247336546912,0.0012077294685990338,0.0012024336250748356,12,0.49999999999999994,-0.8660254037844387,0,0.0,1.0,1.0,1.0,1.0,3.812473712896002e-08,0.0021168066614302176,8.942926963639944e-05,0.0,39.407322,IND632402AAA → IND631102AAA,1.713361823040506,-103.75636,182.571,False,LOW,Predicted ETA materially above OSRM baseline.,4.407321929931641,35.0
IND560300AAA,IND562132AAA,14.115,22.0,22.0,14.115,0,Carting,3,0.0028401323663667655,0.00966183574879227,0.03611691289748769,26,0.027325678537934182,0.0428743961352657,0.5073641311852639,12,0.0,1.0,0,1.0,0.0,1.0,1.0,1.0,7.760854404852054e-05,0.5434810440827516,0.024485546171567417,0.0,43.698307,IND560300AAA → IND562132AAA,1.9862866835160689,-99.46538,186.86198,True,HIGH,Touches high-bottleneck hub; expect elevated dwell risk. Predicted ETA materially above OSRM baseline.,18.698307037353516,25.0
IND211002AAB,IND485001AAC,25.8919,19.0,19.0,25.8919,4,FTL,5,0.00284204930035725,0.006038647342995169,0.02071750533891423,10,0.0017841546835861595,0.004227053140096618,0.008217084533745866,10,0.8660254037844386,0.5000000000000001,1,0.0,1.0,1.0,1.0,1.0,5.070655570215156e-06,0.028934589872660097,0.0010578946167710906,1.0,51.644306,IND211002AAB → IND485001AAC,2.7181213780453333,-91.51938,194.80798,False,MEDIUM,Predicted ETA materially above OSRM baseline.,4.644306182861328,47.0
IND400011AAA,IND400072AAD,11.3746,11.0,11.0,11.3746,14,Carting,5,0.0002175301105064012,0.0024154589371980675,0.0030948861535852793,8,0.0004344999759885544,0.0024154589371980675,0.006665357313131835,8,-0.4999999999999997,-0.8660254037844388,1,1.0,0.0,1.0,1.0,1.0,9.45168277918189e-08,0.009760243466717115,0.0002169698654821532,1.0,28.782143,IND400011AAA → IND400072AAD,2.6165584217418325,-114.38154,171.94583,False,MEDIUM,Predicted ETA materially above OSRM baseline.,21.217857360839844,50.0
IND562132AAA,IND560300AAA,12.723,14.0,14.0,12.723,12,Carting,0,0.027325678537934182,0.0428743961352657,0.5073641311852639,12,0.0028401323663667655,0.00966183574879227,0.03611691289748769,26,1.2246467991473532e-16,-1.0,0,1.0,0.0,1.0,1.0,1.0,7.760854404852054e-05,0.5434810440827516,0.024485546171567417,0.0,24.179628,IND562132AAA → IND560300AAA,1.727116312299456,-118.984055,167.3433,True,MEDIUM,Touches high-bottleneck hub; expect elevated dwell risk. Predicted ETA materially above OSRM baseline.,3.179628372192383,21.0
IND600110AAA,IND600056AAB,9.615200000000002,9.0,9.0,9.615200000000002,6,Carting,0,0.0006066425183154005,0.0018115942028985505,0.0022901594395159843,12,0.008609840295943885,0.021739130434782608,0.10264681853382264,12,1.0,6.123233995736766e-17,0,1.0,0.0,1.0,1.0,1.0,5.223095199424811e-06,0.10493697797333862,0.008003197777628484,1.0,17.99493,IND600110AAA → IND600056AAB,1.9994366963704426,-125.16875,161.15862,False,MEDIUM,Predicted ETA materially above OSRM baseline.,0.9949302673339844,17.0
IND248197AAA,IND248122AAB,31.6262,29.0,29.0,31.6262,3,FTL,3,0.00011276814232708725,0.0006038647342995169,0.0001979424404219248,43,0.00020862735497832212,0.0012077294685990338,0.0010265419177875744,43,0.7071067811865476,0.7071067811865476,0,0.0,1.0,1.0,1.0,1.0,2.3526519259519184e-08,0.0012244843582094992,9.585921265123487e-05,1.0,59.60889,IND248197AAA → IND248122AAB,2.0554789839119745,-83.554794,202.77257,False,MEDIUM,Predicted ETA materially above OSRM baseline.,41.391109466552734,101.0
IND600032AAB,IND600056AAB,12.7744,11.0,11.0,12.7744,9,Carting,4,0.0015580129385992202,0.004227053140096618,0.006859420211869845,12,0.008609840295943885,0.021739130434782608,0.10264681853382264,12,0.7071067811865476,-0.7071067811865475,0,1.0,0.0,1.0,1.0,1.0,1.341424258035351e-05,0.10950623874569249,0.007051827357344664,1.0,25.116825,IND600032AAB → IND600056AAB,2.283347736705433,-118.04686,168.2805,False,MEDIUM,Predicted ETA materially above OSRM baseline.,15.883174896240234,41.0
IND560300AAA,IND560002AAA,11.6131,13.0,13.0,11.6131,20,Carting,6,0.0028401323663667655,0.00966183574879227,0.03611691289748769,26,0.0004971922526559396,0.0030193236714975845,0.0029795546295089733,26,-0.8660254037844386,0.5000000000000001,1,1.0,0.0,1.0,1.0,1.0,1.4120918090749364e-06,0.039096467526996664,0.002342940113710826,1.0,19.507563,IND560300AAA → IND560002AAA,1.5005817413330078,-123.65612,162.67125,False,LOW,Predicted ETA materially above OSRM baseline.,42.4924373626709,62.0
IND842001AAA,IND845418AAB,25.0675,26.0,26.0,25.0675,21,FTL,3,0.005042988297661629,0.016304347826086956,0.06098128080301983,24,0.0004003297793259374,0.0024154589371980675,0.0009272040630290162,24,-0.7071067811865477,0.7071067811865474,0,0.0,1.0,1.0,1.0,1.0,2.0188583923461647e-06,0.061908484866048843,0.004642658518335691,1.0,47.394558,IND842001AAA → IND845418AAB,1.8228676135723407,-95.76912,190.55824,False,MEDIUM,Predicted ETA materially above OSRM baseline.,14.60544204711914,62.0
IND224001AAA,IND224141AAB,10.7004,7.0,7.0,10.7004,5,Carting,0,0.00011276814232708725,0.0006038647342995169,0.00046881104310455874,39,0.00020862735497832212,0.0012077294685990338,0.0009799015223167533,39,0.9659258262890683,0.25881904510252074,0,1.0,0.0,1.0,1.0,1.0,2.3526519259519184e-08,0.001448712565421312,9.585921265123487e-05,1.0,16.70798,IND224001AAA → IND224141AAB,2.3868541717529297,-126.4557,159.87166,False,MEDIUM,Predicted ETA materially above OSRM baseline.,3.292020797729492,20.0
IND000000ACT,IND000000ACB,27.166400000000003,25.0,25.0,27.166400000000003,18,FTL,0,0.00011276814232708725,0.0018115942028985505,0.007073837739288787,12,0.043583693639714496,0.056763285024154585,0.9999999983354557,12,-1.0,-1.8369701987210297e-16,0,0.0,1.0,1.0,1.0,1.0,4.914852167503492e-06,1.0070738360747444,0.04347092549738741,1.0,29.958864,IND000000ACT → IND000000ACB,1.1983545684814454,-113.20482,173.12254,True,HIGH,Touches high-bottleneck hub; expect elevated dwell risk.,15.041135787963867,45.0
IND302014AAA,IND305001AAC,23.7719,20.0,20.0,23.7719,9,FTL,4,0.005409047163822674,0.010869565217391304,0.09896163502378139,12,0.002988234922925943,0.005434782608695652,0.02350664113000858,11,0.7071067811865476,-0.7071067811865475,0,0.0,1.0,1.0,1.0,1.0,1.616350363468844e-05,0.12246827615378997,0.0024208122408967314,0.0,50.809586,IND302014AAA → IND305001AAC,2.540479278564453,-92.354095,193.97327,False,MEDIUM,Predicted ETA materially above OSRM baseline.,5.8095855712890625,45.0
IND421302AAG,IND411033AAA,26.4249,24.0,24.0,26.4249,13,FTL,0,0.015275979067222901,0.03502415458937198,0.2748907769477942,8,0.010710976773217756,0.025966183574879224,0.14745160154160694,83,-0.2588190451025208,-0.9659258262890683,0,0.0,1.0,1.0,1.0,1.0,0.00016362065697718515,0.42234237848940115,0.004565002294005145,0.0,43.904034,IND421302AAG → IND411033AAA,1.8293347358703613,-99.25964,187.06772,False,MEDIUM,Predicted ETA materially above OSRM baseline.,17.904033660888672,26.0
IND562132AAA,IND560078AAC,12.6714,12.0,12.0,12.6714,20,Carting,6,0.027325678537934182,0.0428743961352657,0.5073641311852639,12,0.0005141050003768135,0.0030193236714975845,0.0029795546295089733,26,-0.8660254037844386,0.5000000000000001,1,1.0,0.0,1.0,1.0,1.0,1.4048267975041339e-05,0.5103436858147729,0.02681157353755737,0.0,18.5036,IND562132AAA → IND560078AAC,1.5419665972391765,-124.66008,161.66728,True,MEDIUM,Touches high-bottleneck hub; expect elevated dwell risk. Predicted ETA materially above OSRM baseline.,3.496400833129883,22.0
IND000000ADV,IND600044AAC,10.4087,9.0,9.0,10.4087,15,Carting,4,0.00011276814232708725,0.0006038647342995169,0.0007396796457871927,27,0.0004003457802807919,0.0018115942028985505,0.0023544732387028953,27,-0.7071067811865471,-0.7071067811865479,0,1.0,0.0,1.0,1.0,1.0,4.514624993075314e-08,0.003094152884490088,0.00028757763795370463,1.0,19.916107,IND000000ADV → IND600044AAC,2.2129007975260415,-123.247574,163.07979,False,MEDIUM,Predicted ETA materially above OSRM baseline.,4.916107177734375,15.0
IND600016AAC,IND600119AAA,22.1182,24.0,24.0,22.1182,22,Carting,4,0.0012986291313844581,0.0024154589371980675,0.0029748381781744796,19,0.0011346657598097067,0.0018115942028985505,0.0012447130611824711,19,-0.5000000000000004,0.8660254037844384,0,1.0,0.0,1.0,1.0,1.0,1.4735100100733656e-06,0.004219551239356951,0.00016396337157475148,1.0,46.88626,IND600016AAC → IND600119AAA,1.9535942077636719,-96.27742,190.04994,False,MEDIUM,Predicted ETA materially above OSRM baseline.,19.886260986328125,27.0
IND421302AAG,IND000000ACB,24.7426,24.0,24.0,24.7426,2,FTL,6,0.015275979067222901,0.03502415458937198,0.2748907769477942,8,0.043583693639714496,0.056763285024154585,0.9999999983354557,12,0.49999999999999994,0.8660254037844387,1,0.0,1.0,1.0,1.0,1.0,0.0006657835917125345,1.27489077528325,0.028307714572491594,0.0,49.162586,IND421302AAG → IND000000ACB,2.0484410921732583,-94.0011,192.32626,True,CRITICAL,Touches high-bottleneck hub; expect elevated dwell risk. Predicted ETA materially above OSRM baseline.,26.162586212158203,23.0
IND261001AAA,IND262701AAA,26.1932,24.0,24.0,26.1932,0,FTL,0,0.00020862735497832212,0.0012077294685990338,0.0010019522554514167,44,0.0002901100126448168,0.0012077294685990338,0.0010233956451988497,44,0.0,1.0,0,0.0,1.0,1.0,1.0,1.0,6.052488459081571e-08,0.0020253479006502664,8.148265766649466e-05,1.0,42.365433,IND261001AAA → IND262701AAA,1.7652263641357422,-100.79825,185.52911,False,LOW,Predicted ETA materially above OSRM baseline.,1.6345672607421875,44.0
IND000000ACB,IND110095AAB,13.5031,15.0,15.0,13.5031,2,Carting,5,0.043583693639714496,0.056763285024154585,0.9999999983354557,12,0.0005361690576778584,0.0012077294685990338,0.002833702304987555,12,0.49999999999999994,0.8660254037844387,1,1.0,0.0,1.0,1.0,1.0,2.3368227948926194e-05,1.0028337006404433,0.04304752458203664,1.0,42.238117,IND000000ACB → IND110095AAB,2.815874481201172,-100.92557,185.4018,True,CRITICAL,Touches high-bottleneck hub; expect elevated dwell risk. Predicted ETA materially above OSRM baseline.,4.238117218017578,38.0
